# Experiment: figure_02_eve_position_map
# Rows are ordered by y first and x second; mesh cols = 41.
# Coordinates and distances are normalized by wavelength.
# One diffuse channel realization is fixed over the full map.
# Position dependence enters through LOS direction and path loss.
grid_row grid_col eve_x_lambda eve_y_lambda eve_z_lambda eve_distance_lambda eve_azimuth_deg eve_elevation_deg vulnerability_qpsk min_entropy_leakage_qpsk vulnerability_16qam min_entropy_leakage_16qam
0 0 -20 5 0 20.61552813 165.9637565 0 0.5142844816 1.040638527 0.2745443134 2.135110934
0 1 -19 5 0 19.6468827 165.2564372 0 0.5274292465 1.077049477 0.285044718 2.189260173
0 2 -18 5 0 18.68154169 164.475889 0 0.542244781 1.117016167 0.2966316131 2.246744265
0 3 -17 5 0 17.72004515 163.6104597 0 0.5586113596 1.159916817 0.3100140158 2.310405346
0 4 -16 5 0 16.76305461 162.6459754 0 0.577393503 1.207626779 0.3249303927 2.378202599
0 5 -15 5 0 15.8113883 161.5650512 0 0.5981788267 1.25864875 0.3420525079 2.452289713
0 6 -14 5 0 14.86606875 160.3461759 0 0.6213698043 1.31352404 0.3617587017 2.533099625
0 7 -13 5 0 13.92838828 158.962489 0 0.6468712694 1.371550542 0.3843878273 2.620634555
0 8 -12 5 0 13 157.3801351 0 0.6731197707 1.428935137 0.4100316466 2.713807168
0 9 -11 5 0 12.08304597 155.5560452 0 0.6998302126 1.485076854 0.4384942525 2.810629838
0 10 -10 5 0 11.18033989 153.4349488 0 0.7222834775 1.530637074 0.4693356363 2.908691912
0 11 -9 5 0 10.29563014 150.9453959 0 0.7402407384 1.56606644 0.4990290582 2.997195731
0 12 -8 5 0 9.433981132 147.9946168 0 0.7664368952 1.616238917 0.5335214631 3.093618216
0 13 -7 5 0 8.602325267 144.4623222 0 0.8307030285 1.732404719 0.5980074525 3.258235369
0 14 -6 5 0 7.810249676 140.1944289 0 0.8910836459 1.833632769 0.6604338858 3.40148605
0 15 -5 5 0 7.071067812 135 0 0.9393471616 1.909730349 0.7331976763 3.552274119
0 16 -4 5 0 6.403124237 128.6598083 0 0.9142693822 1.870691212 0.7442746931 3.573907087
0 17 -3 5 0 5.830951895 120.9637565 0 0.9654570974 1.949284056 0.8330946811 3.736552372
0 18 -2 5 0 5.385164807 111.8014095 0 0.9999999941 1.999999991 0.9105188595 3.864760805
0 19 -1 5 0 5.099019514 101.3099325 0 1 2 0.9527026305 3.930097877
0 20 0 5 0 5 90 0 0.9366770654 1.905623646 0.812561106 3.700548215
0 21 1 5 0 5.099019514 78.69006753 0 0.8432584082 1.754046704 0.6767539785 3.436703369
0 22 2 5 0 5.385164807 68.19859051 0 0.755720112 1.595923923 0.601227689 3.265983358
0 23 3 5 0 5.830951895 59.03624347 0 0.8598137428 1.782096075 0.6056808599 3.276629727
0 24 4 5 0 6.403124237 51.34019175 0 0.7941659708 1.667512449 0.5779767001 3.20908324
0 25 5 5 0 7.071067812 45 0 0.7670992255 1.61748511 0.5789955089 3.211624063
0 26 6 5 0 7.810249676 39.80557109 0 0.7396290045 1.564873706 0.5191722173 3.054285087
0 27 7 5 0 8.602325267 35.53767779 0 0.7568986535 1.598172046 0.5062661116 3.017967822
0 28 8 5 0 9.433981132 32.00538321 0 0.7424800953 1.570424255 0.4828125429 2.949535061
0 29 9 5 0 10.29563014 29.0546041 0 0.7266665612 1.539365425 0.4643652028 2.893331773
0 30 10 5 0 11.18033989 26.56505118 0 0.6985939027 1.482525956 0.440950367 2.818688181
0 31 11 5 0 12.08304597 24.44395478 0 0.6573741951 1.39478673 0.4073124688 2.704207884
0 32 12 5 0 13 22.61986495 0 0.6134835748 1.295096623 0.3734471194 2.578975875
0 33 13 5 0 13.92838828 21.03751103 0 0.5752314239 1.202214395 0.3434658867 2.458238722
0 34 14 5 0 14.86606875 19.65382406 0 0.5464103975 1.128056842 0.3199318841 2.355836682
0 35 15 5 0 15.8113883 18.43494882 0 0.5259688434 1.073049247 0.3040723163 2.28248638
0 36 16 5 0 16.76305461 17.35402464 0 0.510018662 1.028621943 0.2928259557 2.228115343
0 37 17 5 0 17.72004515 16.38954033 0 0.4959573019 0.9882878262 0.282281884 2.175208449
0 38 18 5 0 18.68154169 15.524111 0 0.4826973152 0.9491907076 0.2724625813 2.124130016
0 39 19 5 0 19.6468827 14.74356284 0 0.4700904393 0.9110102444 0.2632755634 2.074645525
0 40 20 5 0 20.61552813 14.03624347 0 0.458375152 0.8746007443 0.2546762083 2.026736095
1 0 -20 6 0 20.88061302 163.3007558 0 0.5156498769 1.044463722 0.2756618288 2.140971414
1 1 -19 6 0 19.92485885 162.4744316 0 0.528597575 1.080241712 0.286084512 2.194513301
1 2 -18 6 0 18.97366596 161.5650512 0 0.5427991522 1.118490372 0.2978076237 2.252452592
1 3 -17 6 0 18.02775638 160.5599652 0 0.5589069971 1.160680142 0.3107989166 2.31405338
1 4 -16 6 0 17.08800749 159.4439548 0 0.5763453874 1.205005542 0.3253719917 2.380161973
1 5 -15 6 0 16.15549442 158.1985905 0 0.5957385099 1.252751126 0.3419133153 2.451702513
1 6 -14 6 0 15.23154621 156.8014095 0 0.6161227218 1.301289647 0.3610768915 2.530377998
1 7 -13 6 0 14.31782106 155.2248594 0 0.6377424378 1.351045792 0.3815722582 2.610028191
1 8 -12 6 0 13.41640786 153.4349488 0 0.6588487881 1.398019296 0.4049222912 2.695716971
1 9 -11 6 0 12.52996409 151.3895403 0 0.6796165668 1.442792926 0.4294644267 2.78061054
1 10 -10 6 0 11.66190379 149.0362435 0 0.7016803093 1.488885783 0.4554908042 2.865493833
1 11 -9 6 0 10.81665383 146.3099325 0 0.7413540691 1.56823464 0.4952654908 2.986274005
1 12 -8 6 0 10 143.1301024 0 0.797878407 1.674240808 0.5465380431 3.128393827
1 13 -7 6 0 9.219544457 139.3987054 0 0.8605187182 1.78327848 0.5961654279 3.25378462
1 14 -6 6 0 8.485281374 135 0 0.9036138599 1.853778305 0.6621060623 3.405134245
1 15 -5 6 0 7.810249676 129.8055711 0 0.89659324 1.842525527 0.6903967011 3.465497476
1 16 -4 6 0 7.211102551 123.6900675 0 0.8914456566 1.834218758 0.7395306483 3.564681843
1 17 -3 6 0 6.708203932 116.5650512 0 0.9986267011 1.998017387 0.8173644245 3.709051357
1 18 -2 6 0 6.32455532 108.4349488 0 0.999999998 1.999999997 0.8888184947 3.829960742
1 19 -1 6 0 6.08276253 99.46232221 0 0.9999999999 2 0.9231827141 3.884688116
1 20 0 6 0 6 90 0 0.9093512753 1.862909609 0.7700789014 3.623078175
1 21 1 6 0 6.08276253 80.53767779 0 0.7488644407 1.582776491 0.591697749 3.242932312
1 22 2 6 0 6.32455532 71.56505118 0 0.7699912247 1.622913909 0.5856570778 3.22812807
1 23 3 6 0 6.708203932 63.43494882 0 0.7257536254 1.537551779 0.5409098209 3.113459997
1 24 4 6 0 7.211102551 56.30993247 0 0.7882293667 1.656687405 0.5391269277 3.108696875
1 25 5 6 0 7.810249676 50.19442891 0 0.7096153533 1.505109129 0.4997778472 2.99935886
1 26 6 6 0 8.485281374 45 0 0.7050038136 1.495702967 0.5043786776 3.012579193
1 27 7 6 0 9.219544457 40.60129465 0 0.6764790163 1.436117089 0.451504145 2.852811138
1 28 8 6 0 10 36.86989765 0 0.6874693984 1.459367401 0.4379212266 2.808743286
1 29 9 6 0 10.81665383 33.69006753 0 0.6861010343 1.456492946 0.4311122284 2.78613539
1 30 10 6 0 11.66190379 30.96375653 0 0.6753167857 1.433636323 0.4141204074 2.728122204
1 31 11 6 0 12.52996409 28.61045967 0 0.6559132624 1.391576951 0.396783539 2.66642408
1 32 12 6 0 13.41640786 26.56505118 0 0.6261180726 1.32450665 0.3755059935 2.58690784
1 33 13 6 0 14.31782106 24.77514057 0 0.5906606651 1.240401444 0.3509182143 2.489206737
1 34 14 6 0 15.23154621 23.19859051 0 0.5563840942 1.154153082 0.3265723181 2.385474411
1 35 15 6 0 16.15549442 21.80140949 0 0.5260378333 1.073238469 0.305002251 2.286891795
1 36 16 6 0 17.08800749 20.55604522 0 0.501919322 1.005527391 0.2868964772 2.198602159
1 37 17 6 0 18.02775638 19.44003483 0 0.4848082229 0.9554860738 0.2733478684 2.12881003
1 38 18 6 0 18.97366596 18.43494882 0 0.4704883026 0.9122307597 0.2631476929 2.073944651
1 39 19 6 0 19.92485885 17.52556837 0 0.4584243567 0.8747556035 0.2550007873 2.028573607
1 40 20 6 0 20.88061302 16.69924423 0 0.4478728201 0.8411610215 0.2473419301 1.984578735
2 0 -20 7 0 21.1896201 160.7099538 0 0.5175660244 1.04981482 0.2766813645 2.146297381
2 1 -19 7 0 20.24845673 159.7751406 0 0.5300699387 1.08425463 0.2869595674 2.198919381
2 2 -18 7 0 19.31320792 158.7494945 0 0.5437859466 1.121110772 0.2982541566 2.254614149
2 3 -17 7 0 18.38477631 157.6198649 0 0.5586746827 1.160080349 0.3111865547 2.315851633
2 4 -16 7 0 17.4642492 156.3706223 0 0.5752047806 1.202147571 0.3254815924 2.380647859
2 5 -15 7 0 16.55294536 154.9831065 0 0.5927796612 1.245567853 0.3411295634 2.448391694
2 6 -14 7 0 15.65247584 153.4349488 0 0.6114285477 1.290255819 0.3588605574 2.521495269
2 7 -13 7 0 14.76482306 151.6992442 0 0.6310612675 1.335851983 0.3782987903 2.597598068
2 8 -12 7 0 13.89244399 149.7435628 0 0.651893852 1.382708974 0.4001948969 2.678774676
2 9 -11 7 0 13.03840481 147.5288077 0 0.6791150693 1.441727951 0.4270873993 2.772603239
2 10 -10 7 0 12.20655562 145.0079798 0 0.7205055766 1.527081502 0.4631582181 2.889577018
2 11 -9 7 0 11.40175425 142.1250163 0 0.770708379 1.624256981 0.502442069 3.00702917
2 12 -8 7 0 10.63014581 138.8140748 0 0.8299718532 1.731134316 0.5475874862 3.131161383
2 13 -7 7 0 9.899494937 135 0 0.8692939748 1.79791605 0.6022427609 3.268417052
2 14 -6 7 0 9.219544457 130.6012946 0 0.8729285833 1.803935533 0.6386109457 3.353009186
2 15 -5 7 0 8.602325267 125.5376778 0 0.8540044668 1.772315521 0.671543215 3.425552148
2 16 -4 7 0 8.062257748 119.7448813 0 0.9567479485 1.936210807 0.7680909667 3.619349088
2 17 -3 7 0 7.615773106 113.1985905 0 0.9999015513 1.999857962 0.8419347113 3.751780267
2 18 -2 7 0 7.280109889 105.9453959 0 0.9999999934 1.999999991 0.9251738142 3.887796338
2 19 -1 7 0 7.071067812 98.13010235 0 0.9999988945 1.999998405 0.8963148698 3.842077536
2 20 0 7 0 7 90 0 0.8856112118 1.824745392 0.7330776681 3.552037962
2 21 1 7 0 7.071067812 81.86989765 0 0.7192728329 1.524611019 0.5681345282 3.18430449
2 22 2 7 0 7.280109889 74.0546041 0 0.7051507911 1.496003705 0.5304647197 3.085328708
2 23 3 7 0 7.615773106 66.80140949 0 0.6700277163 1.42229268 0.4828748385 2.949721195
2 24 4 7 0 8.062257748 60.2551187 0 0.7274422751 1.540904675 0.4885766015 2.966656678
2 25 5 7 0 8.602325267 54.46232221 0 0.718064763 1.522185873 0.4689515079 2.907510653
2 26 6 7 0 9.219544457 49.39870535 0 0.6425684027 1.361921945 0.4379854378 2.808954809
2 27 7 7 0 9.899494937 45 0 0.6512293374 1.381237599 0.4443904576 2.829899743
2 28 8 7 0 10.63014581 41.18592517 0 0.6233878797 1.318202011 0.3983351826 2.672054815
2 29 9 7 0 11.40175425 37.87498365 0 0.6250443989 1.322030578 0.3868908323 2.629998448
2 30 10 7 0 12.20655562 34.9920202 0 0.6306640345 1.334943567 0.3853720819 2.624323965
2 31 11 7 0 13.03840481 32.47119229 0 0.627741668 1.32824288 0.3757904906 2.588000465
2 32 12 7 0 13.89244399 30.25643716 0 0.6153302148 1.299432741 0.3639250543 2.541713282
2 33 13 7 0 14.76482306 28.30075577 0 0.5938434582 1.24815458 0.3486311429 2.479773355
2 34 14 7 0 15.65247584 26.56505118 0 0.5667891689 1.180884094 0.3302379866 2.401577985
2 35 15 7 0 16.55294536 25.01689348 0 0.5378912354 1.105386386 0.3107167605 2.31367197
2 36 16 7 0 17.4642492 23.62937773 0 0.5104544174 1.029854042 0.2923938322 2.225984784
2 37 17 7 0 18.38477631 22.38013505 0 0.4866989942 0.9611016983 0.2755168854 2.140212644
2 38 18 7 0 19.31320792 21.25050551 0 0.467663795 0.9035436494 0.2614555244 2.064637459
2 39 19 7 0 20.24845673 20.22485943 0 0.4536250941 0.8595723562 0.2504254993 2.002453376
2 40 20 7 0 21.1896201 19.29004622 0 0.4424909324 0.8237197968 0.2418794498 1.952360107
3 0 -20 8 0 21.54065923 158.1985905 0 0.5209839909 1.059310946 0.2774912989 2.15051444
3 1 -19 8 0 20.61552813 157.1663458 0 0.5331842064 1.092705952 0.2878552481 2.203415421
3 2 -18 8 0 19.6977156 156.037511 0 0.5464087273 1.128052432 0.2991110894 2.258753304
3 3 -17 8 0 18.78829423 154.7988764 0 0.5607031523 1.165309086 0.3115894072 2.317718094
3 4 -16 8 0 17.88854382 153.4349488 0 0.5764407018 1.205244111 0.3256150252 2.381239178
3 5 -15 8 0 17 151.9275131 0 0.5938469304 1.248163016 0.3412601165 2.44894372
3 6 -14 8 0 16.1245155 150.2551187 0 0.6116538068 1.29078723 0.3591037234 2.522472517
3 7 -13 8 0 15.26433752 148.3924978 0 0.6339998434 1.342554389 0.3795187349 2.602243011
3 8 -12 8 0 14.4222051 146.3099325 0 0.6631248092 1.407352336 0.4048823943 2.695574816
3 9 -11 8 0 13.60147051 143.9726266 0 0.7019371739 1.489413815 0.4349593651 2.798952532
3 10 -10 8 0 12.80624847 141.3401917 0 0.7488278545 1.582706006 0.4670716399 2.901715754
3 11 -9 8 0 12.04159458 138.3664607 0 0.8012631445 1.680348024 0.5074203398 3.021253256
3 12 -8 8 0 11.3137085 135 0 0.8368408702 1.743025218 0.5535084924 3.146677357
3 13 -7 8 0 10.63014581 131.1859252 0 0.8462306235 1.7591228 0.5908743418 3.240923258
3 14 -6 8 0 10 126.8698976 0 0.8408491409 1.749918891 0.6208470735 3.312309854
3 15 -5 8 0 9.433981132 122.0053832 0 0.8843260166 1.822650238 0.6887481253 3.462048392
3 16 -4 8 0 8.94427191 116.5650512 0 0.9911616165 1.987192224 0.7478297191 3.580781711
3 17 -3 8 0 8.544003745 110.5560452 0 0.9999718365 1.999959368 0.8168100624 3.708072544
3 18 -2 8 0 8.246211251 104.0362435 0 0.9999999619 1.999999945 0.9246078713 3.88691355
3 19 -1 8 0 8.062257748 97.12501635 0 0.9998910525 1.999842813 0.8641888572 3.789418534
3 20 0 8 0 8 90 0 0.8658690387 1.792220741 0.6999812768 3.485388238
3 21 1 8 0 8.062257748 82.87498365 0 0.7215059072 1.529083112 0.5569156465 3.155530731
3 22 2 8 0 8.246211251 75.96375653 0 0.6392253452 1.354396517 0.4706023675 2.912580484
3 23 3 8 0 8.544003745 69.44395478 0 0.6135731262 1.295307201 0.4504219357 2.849348994
3 24 4 8 0 8.94427191 63.43494882 0 0.6300751458 1.333595807 0.4372014021 2.806369933
3 25 5 8 0 9.433981132 57.99461679 0 0.6746090223 1.432123518 0.4211767796 2.752497805
3 26 6 8 0 10 53.13010235 0 0.6491869014 1.376705796 0.405622983 2.698211304
3 27 7 8 0 10.63014581 48.81407483 0 0.5978386376 1.257828045 0.3944738825 2.65800169
3 28 8 8 0 11.3137085 45 0 0.6048568916 1.274665748 0.396357178 2.664873009
3 29 9 8 0 12.04159458 41.63353934 0 0.5793145165 1.212418722 0.3571548473 2.514621607
3 30 10 8 0 12.80624847 38.65980825 0 0.5727617217 1.196006984 0.3459656601 2.468700751
3 31 11 8 0 13.60147051 36.02737339 0 0.5794928876 1.212862859 0.3473463359 2.474446784
3 32 12 8 0 14.4222051 33.69006753 0 0.5829053137 1.221333458 0.3442779997 2.461645897
3 33 13 8 0 15.26433752 31.60750225 0 0.5770532409 1.206776338 0.33600476 2.426553576
3 34 14 8 0 16.1245155 29.7448813 0 0.5622587362 1.169306077 0.3251008951 2.378959433
3 35 15 8 0 17 28.07248694 0 0.5420159601 1.116407239 0.3116823484 2.318148358
3 36 16 8 0 17.88854382 26.56505118 0 0.5184947281 1.052401225 0.2966178525 2.246677337
3 37 17 8 0 18.78829423 25.20112365 0 0.495468082 0.9868640273 0.2809274846 2.168269683
3 38 18 8 0 19.6977156 23.96248897 0 0.4741849894 0.9235218994 0.2664519277 2.091947176
3 39 19 8 0 20.61552813 22.83365418 0 0.4555690137 0.8657415282 0.2532786773 2.018797532
3 40 20 8 0 21.54065923 21.80140949 0 0.4411112338 0.8192144073 0.2417783983 1.951757258
4 0 -20 9 0 21.9317122 155.7722547 0 0.5254120586 1.071521217 0.2788654309 2.157641009
4 1 -19 9 0 21.02379604 154.6538241 0 0.5375315121 1.104421238 0.2892293816 2.210286022
4 2 -18 9 0 20.1246118 153.4349488 0 0.5506616745 1.139238107 0.3008340761 2.267039899
4 3 -17 9 0 19.23538406 152.102729 0 0.5649805829 1.176273191 0.3135574326 2.326801623
4 4 -16 9 0 18.35755975 150.6422465 0 0.5809341319 1.216446501 0.3280557697 2.392013
4 5 -15 9 0 17.49285568 149.0362435 0 0.5992539232 1.261239354 0.3442818331 2.46166196
4 6 -14 9 0 16.64331698 147.2647737 0 0.6213094492 1.313383901 0.3632399509 2.538994791
4 7 -13 9 0 15.8113883 145.3048465 0 0.6505312247 1.379690211 0.3853723702 2.624325044
4 8 -12 9 0 15 143.1301024 0 0.686799061 1.457959972 0.410907929 2.716887074
4 9 -11 9 0 14.2126704 140.7105931 0 0.7297975656 1.545568244 0.4390390953 2.812421319
4 10 -10 9 0 13.45362405 138.0127875 0 0.7754725824 1.633147679 0.4738506243 2.922504244
4 11 -9 9 0 12.72792206 135 0 0.8076477849 1.691798176 0.5128865545 3.036711656
4 12 -8 9 0 12.04159458 131.6335393 0 0.8202971998 1.714218609 0.5485043995 3.133575098
4 13 -7 9 0 11.40175425 127.8749837 0 0.8223141767 1.717761606 0.5750973832 3.201878178
4 14 -6 9 0 10.81665383 123.6900675 0 0.8351206958 1.740056623 0.6261555538 3.324593011
4 15 -5 9 0 10.29563014 119.0546041 0 0.9427611394 1.914964197 0.7015257266 3.488567917
4 16 -4 9 0 9.848857802 113.962489 0 0.9974672259 1.996341344 0.7658027694 3.615044783
4 17 -3 9 0 9.486832981 108.4349488 0 0.9999748082 1.999963655 0.8203939026 3.714388675
4 18 -2 9 0 9.219544457 102.5288077 0 0.9999995215 1.99999931 0.9031122979 3.852977296
4 19 -1 9 0 9.055385138 96.34019175 0 0.998699659 1.998122784 0.8304174368 3.731908642
4 20 0 9 0 9 90 0 0.8508079049 1.766905343 0.6707025577 3.423745009
4 21 1 9 0 9.055385138 83.65980825 0 0.7231223225 1.532311618 0.5398694353 3.110682446
4 22 2 9 0 9.219544457 77.47119229 0 0.6391235551 1.354166765 0.4562098541 2.867769514
4 23 3 9 0 9.486832981 71.56505118 0 0.6163156349 1.301741295 0.4365038062 2.804066139
4 24 4 9 0 9.848857802 66.03751103 0 0.5861017318 1.229223005 0.3972862713 2.668250845
4 25 5 9 0 10.29563014 60.9453959 0 0.6138151175 1.295876083 0.3967265466 2.666216842
4 26 6 9 0 10.81665383 56.30993247 0 0.6200423142 1.310438579 0.3798301094 2.603426179
4 27 7 9 0 11.40175425 52.12501635 0 0.5871182073 1.231722902 0.3584973513 2.520034365
4 28 8 9 0 12.04159458 48.36646066 0 0.5633128144 1.172008196 0.3602616597 2.527117028
4 29 9 9 0 12.72792206 45 0 0.5643101065 1.174560093 0.3577591687 2.517060646
4 30 10 9 0 13.45362405 41.9872125 0 0.5424217212 1.117486857 0.3256309439 2.381309707
4 31 11 9 0 14.2126704 39.28940686 0 0.5310195188 1.086836797 0.313559211 2.326809805
4 32 12 9 0 15 36.86989765 0 0.535446664 1.09881478 0.3151617534 2.334164372
4 33 13 9 0 15.8113883 34.69515353 0 0.5420961167 1.116620577 0.3156927867 2.336593202
4 34 14 9 0 16.64331698 32.73522627 0 0.541076775 1.113905222 0.3115977019 2.317756498
4 35 15 9 0 17.49285568 30.96375653 0 0.532244151 1.090160096 0.3046030193 2.285002147
4 36 16 9 0 18.35755975 29.35775354 0 0.5173860203 1.049312978 0.2947521846 2.237574411
4 37 17 9 0 19.23538406 27.89727103 0 0.4997201182 0.9991922058 0.2829655677 2.178698416
4 38 18 9 0 20.1246118 26.56505118 0 0.4805801475 0.942848958 0.270385666 2.113090577
4 39 19 9 0 21.02379604 25.34617594 0 0.4625231869 0.8875975967 0.2579882907 2.045377493
4 40 20 9 0 21.9317122 24.22774532 0 0.445882356 0.8347350169 0.246143429 1.977571131
5 0 -20 10 0 22.36067977 153.4349488 0 0.5308203026 1.086295456 0.2810250892 2.168770841
5 1 -19 10 0 21.47091055 152.2414594 0 0.5430797392 1.119235946 0.2916702615 2.222410203
5 2 -18 10 0 20.59126028 150.9453959 0 0.5565785438 1.154657199 0.3036058524 2.280271506
5 3 -17 10 0 19.72308292 149.5344551 0 0.5723098458 1.194868332 0.3167006434 2.341191703
5 4 -16 10 0 18.86796226 147.9946168 0 0.5899969613 1.238779429 0.3319286849 2.408945216
5 5 -15 10 0 18.02775638 146.3099325 0 0.6121972658 1.292068507 0.3489153576 2.480949004
5 6 -14 10 0 17.20465053 144.4623222 0 0.6402625043 1.356735429 0.3686887056 2.560475127
5 7 -13 10 0 16.40121947 142.431408 0 0.6740565171 1.430941466 0.3905200781 2.64346863
5 8 -12 10 0 15.62049935 140.1944289 0 0.7131411051 1.512259468 0.4159792743 2.734583555
5 9 -11 10 0 14.86606875 137.726311 0 0.7527041814 1.590154891 0.4454790004 2.833429331
5 10 -10 10 0 14.14213562 135 0 0.7814369177 1.64420132 0.4791465767 2.938538966
5 11 -9 10 0 13.45362405 131.9872125 0 0.7958280922 1.670528731 0.5113030114 3.032250428
5 12 -8 10 0 12.80624847 128.6598083 0 0.8009151772 1.679721364 0.5363541557 3.101257835
5 13 -7 10 0 12.20655562 124.9920202 0 0.8033866631 1.684166417 0.5785846195 3.210599878
5 14 -6 10 0 11.66190379 120.9637565 0 0.8756553694 1.808435087 0.6401610035 3.356506701
5 15 -5 10 0 11.18033989 116.5650512 0 0.9761825326 1.965222842 0.6843184404 3.452739729
5 16 -4 10 0 10.77032961 111.8014095 0 0.9987600319 1.998209994 0.7565384926 3.597485394
5 17 -3 10 0 10.44030651 106.6992442 0 0.9999647361 1.999949124 0.8409092586 3.750022035
5 18 -2 10 0 10.19803903 101.3099325 0 0.9999914649 1.999987686 0.8719495954 3.802316645
5 19 -1 10 0 10.04987562 95.71059314 0 0.9944801586 1.992014492 0.7934933942 3.666290118
5 20 0 10 0 10 90 0 0.8388194968 1.7464323 0.6439601574 3.365043335
5 21 1 10 0 10.04987562 84.28940686 0 0.7243754575 1.534809572 0.5239394197 3.067471915
5 22 2 10 0 10.19803903 78.69006753 0 0.6338552693 1.342225367 0.4448262168 2.831313724
5 23 3 10 0 10.44030651 73.30075577 0 0.5870177087 1.231475931 0.406043638 2.699706689
5 24 4 10 0 10.77032961 68.19859051 0 0.549502082 1.136196852 0.3680057826 2.557800341
5 25 5 10 0 11.18033989 63.43494882 0 0.5522009765 1.143265344 0.3620102592 2.534102488
5 26 6 10 0 11.66190379 59.03624347 0 0.5780299087 1.209216048 0.3491420494 2.481886025
5 27 7 10 0 12.20655562 55.0079798 0 0.56794284 1.183817644 0.3402923035 2.444846427
5 28 8 10 0 12.80624847 51.34019175 0 0.5347837154 1.09702744 0.3218843661 2.364614412
5 29 9 10 0 13.45362405 48.0127875 0 0.5321336242 1.089860472 0.331593515 2.407487697
5 30 10 10 0 14.14213562 45 0 0.5294908678 1.082677707 0.3263142806 2.384334031
5 31 11 10 0 14.86606875 42.27368901 0 0.5111223997 1.031740723 0.2999200978 2.262650106
5 32 12 10 0 15.62049935 39.80557109 0 0.4986134849 0.995993806 0.2875970005 2.202120534
5 33 13 10 0 16.40121947 37.56859203 0 0.4987144527 0.996285918 0.2889677167 2.20898023
5 34 14 10 0 17.20465053 35.53767779 0 0.5061802391 1.017723092 0.2908665383 2.218429241
5 35 15 10 0 18.02775638 33.69006753 0 0.508770266 1.025086263 0.2900263938 2.214256104
5 36 16 10 0 18.86796226 32.00538321 0 0.5044222212 1.012703737 0.2856193092 2.192165421
5 37 17 10 0 19.72308292 30.46554492 0 0.4942993049 0.9834567828 0.2785569891 2.156044419
5 38 18 10 0 20.59126028 29.0546041 0 0.4809109178 0.9438415842 0.2696344492 2.109076736
5 39 19 10 0 21.47091055 27.7585406 0 0.4658934387 0.898071918 0.2595546655 2.054110325
5 40 20 10 0 22.36067977 26.56505118 0 0.4506098984 0.8499509101 0.2490357013 1.994424484
6 0 -20 11 0 22.82542442 151.1892063 0 0.5372793458 1.103744284 0.2834875334 2.181357198
6 1 -19 11 0 21.9544984 149.9314172 0 0.5506386566 1.139177801 0.2944306452 2.235999744
6 2 -18 11 0 21.09502311 148.5704344 0 0.5653578421 1.177236213 0.3066846491 2.294827861
6 3 -17 11 0 20.24845673 147.0947571 0 0.5830091984 1.221590551 0.3202609769 2.357319924
6 4 -16 11 0 19.41648784 145.491477 0 0.6048722471 1.274702373 0.3357950865 2.425653025
6 5 -15 11 0 18.60107524 143.7461623 0 0.631205753 1.33618226 0.353287294 2.498913768
6 6 -14 11 0 17.80449381 141.8427734 0 0.6629186165 1.406903673 0.3729029389 2.576872072
6 7 -13 11 0 17.02938637 139.7636417 0 0.6976181383 1.480509456 0.3955886062 2.662072779
6 8 -12 11 0 16.2788206 137.4895529 0 0.7323681841 1.550641023 0.4211886691 2.75253853
6 9 -11 11 0 15.55634919 135 0 0.7583648416 1.600963986 0.4501589189 2.848506309
6 10 -10 11 0 14.86606875 132.273689 0 0.772860779 1.62828046 0.4796240135 2.939975798
6 11 -9 11 0 14.2126704 129.2894069 0 0.7796979033 1.64098716 0.5044994187 3.012924512
6 12 -8 11 0 13.60147051 126.0273734 0 0.7801805404 1.64187992 0.5394251235 3.109494621
6 13 -7 11 0 13.03840481 122.4711923 0 0.82565845 1.723617011 0.5867006303 3.230696447
6 14 -6 11 0 12.52996409 118.6104597 0 0.9254821707 1.888277102 0.6405818618 3.357454854
6 15 -5 11 0 12.08304597 114.4439548 0 0.9877433618 1.982208151 0.6939156622 3.472832235
6 16 -4 11 0 11.70469991 109.9831065 0 0.9990744595 1.998664109 0.7389827198 3.563612534
6 17 -3 11 0 11.40175425 105.2551187 0 0.9999363249 1.999908133 0.8428146196 3.753287245
6 18 -2 11 0 11.18033989 100.3048465 0 0.9999163925 1.999879375 0.8380045327 3.745029952
6 19 -1 11 0 11.04536102 95.19442891 0 0.9863239128 1.980133417 0.7568177273 3.598017787
6 20 0 11 0 11 90 0 0.8298964325 1.731003211 0.6185506827 3.306963717
6 21 1 11 0 11.04536102 84.80557109 0 0.7232776129 1.532621403 0.5095103677 3.027183408
6 22 2 11 0 11.18033989 79.69515353 0 0.6219891461 1.31496131 0.4291880199 2.779681711
6 23 3 11 0 11.40175425 74.7448813 0 0.5620409901 1.168747256 0.3770561383 2.592851241
6 24 4 11 0 11.70469991 70.01689348 0 0.5311410418 1.087166917 0.3542915436 2.503008936
6 25 5 11 0 12.08304597 65.55604522 0 0.5218116375 1.061601025 0.3339656571 2.417771658
6 26 6 11 0 12.52996409 61.38954033 0 0.530036267 1.084162983 0.3297950227 2.399641531
6 27 7 11 0 13.03840481 57.52880771 0 0.5344257345 1.096061386 0.3146809237 2.331961629
6 28 8 11 0 13.60147051 53.97262661 0 0.5193277992 1.054717359 0.3046396332 2.285175552
6 29 9 11 0 14.2126704 50.71059314 0 0.495115714 0.9858376434 0.2928397156 2.228183134
6 30 10 11 0 14.86606875 47.72631099 0 0.504332489 1.012447072 0.3065156243 2.294032521
6 31 11 11 0 15.55634919 45 0 0.499856144 0.9995848597 0.3006191439 2.266008791
6 32 12 11 0 16.2788206 42.51044708 0 0.4849778764 0.9559908415 0.2792306385 2.159529154
6 33 13 11 0 17.02938637 40.23635831 0 0.4728489374 0.9194512596 0.2673031653 2.096548827
6 34 14 11 0 17.80449381 38.15722659 0 0.4700978936 0.9110331214 0.2673833287 2.096981422
6 35 15 11 0 18.60107524 36.25383774 0 0.4762108394 0.9296723645 0.2701122565 2.11163101
6 36 16 11 0 19.41648784 34.50852299 0 0.4806897436 0.9431779264 0.2707319766 2.114937202
6 37 17 11 0 20.24845673 32.90524292 0 0.479285128 0.9389560796 0.2684501657 2.1027262
6 38 18 11 0 21.09502311 31.42956561 0 0.4728532024 0.9194642726 0.2635337181 2.076059466
6 39 19 11 0 21.9544984 30.06858282 0 0.4630050784 0.8890999226 0.256663947 2.037952563
6 40 20 11 0 22.82542442 28.81079374 0 0.4515147823 0.8528451266 0.2484674025 1.991128496
7 0 -20 12 0 23.32380758 149.0362435 0 0.5456140209 1.125952624 0.2859149937 2.193658184
7 1 -19 12 0 22.47220505 147.7243557 0 0.5602268996 1.164083162 0.2972240984 2.249622997
7 2 -18 12 0 21.63330765 146.3099325 0 0.5776286071 1.208214099 0.3096178626 2.308560611
7 3 -17 12 0 20.80865205 144.782407 0 0.5983669388 1.25910237 0.3234065624 2.371420859
7 4 -16 12 0 20 143.1301024 0 0.6234429465 1.318329445 0.3392726008 2.44051683
7 5 -15 12 0 19.20937271 141.3401917 0 0.6521575745 1.383292496 0.3572483753 2.514999355
7 6 -14 12 0 18.43908891 139.3987054 0 0.6833523806 1.450701622 0.3774099998 2.594204554
7 7 -13 12 0 17.69180601 137.29061 0 0.7136774015 1.513343996 0.4002995819 2.679152014
7 8 -12 12 0 16.97056275 135 0 0.7377204964 1.561146224 0.4255786363 2.767497636
7 9 -11 12 0 16.2788206 132.5104471 0 0.7519758652 1.588758264 0.4522066965 2.855054262
7 10 -10 12 0 15.62049935 129.8055711 0 0.7592895932 1.60272214 0.4763004898 2.929943937
7 11 -9 12 0 15 126.8698976 0 0.7610642273 1.606090115 0.5052108731 3.014957594
7 12 -8 12 0 14.4222051 123.6900675 0 0.7899283189 1.659793649 0.5437949904 3.121134766
7 13 -7 12 0 13.89244399 120.2564372 0 0.8664845298 1.793245897 0.592993067 3.246087143
7 14 -6 12 0 13.41640786 116.5650512 0 0.9557333208 1.934680023 0.6281352837 3.329147216
7 15 -5 12 0 13 112.6198649 0 0.9922476362 1.988772125 0.6899713794 3.464608424
7 16 -4 12 0 12.64911064 108.4349488 0 0.9990594282 1.998642403 0.7452381599 3.575773455
7 17 -3 12 0 12.36931688 104.0362435 0 0.9998721917 1.9998156 0.828744715 3.72899967
7 18 -2 12 0 12.16552506 99.46232221 0 0.9995353599 1.99932951 0.8016502846 3.681044912
7 19 -1 12 0 12.04159458 94.76364169 0 0.9750423578 1.963536799 0.720360312 3.526790604
7 20 0 12 0 12 90 0 0.8230821348 1.719108308 0.5948632455 3.250629947
7 21 1 12 0 12.04159458 85.23635831 0 0.7207316648 1.527534136 0.4953572698 2.98654133
7 22 2 12 0 12.16552506 80.53767779 0 0.6211009437 1.312899665 0.4149048611 2.730852465
7 23 3 12 0 12.36931688 75.96375653 0 0.5584741112 1.159562309 0.3620757304 2.534363383
7 24 4 12 0 12.64911064 71.56505118 0 0.5246292733 1.069370215 0.3418911208 2.45160886
7 25 5 12 0 13 67.38013505 0 0.4995928083 0.9988246144 0.3136880113 2.327402298
7 26 6 12 0 13.41640786 63.43494882 0 0.4939105738 0.9823217599 0.3063796412 2.293392339
7 27 7 12 0 13.89244399 59.74356284 0 0.5030075785 1.008652041 0.2972457142 2.249727914
7 28 8 12 0 14.4222051 56.30993247 0 0.4952684191 0.9862825353 0.2867471677 2.197851142
7 29 9 12 0 15 53.13010235 0 0.4788205034 0.9375568357 0.2747158661 2.13601214
7 30 10 12 0 15.62049935 50.19442891 0 0.4695259809 0.9092768957 0.2717800103 2.120511253
7 31 11 12 0 16.2788206 47.48955292 0 0.4798876061 0.9407684586 0.2849699775 2.18888184
7 32 12 12 0 16.97056275 45 0 0.4747584051 0.9252654472 0.2789343408 2.157997467
7 33 13 12 0 17.69180601 42.70938996 0 0.4631520515 0.8895578091 0.2622594224 2.069066511
7 34 14 12 0 18.43908891 40.60129465 0 0.4525110894 0.8560250528 0.2514777065 2.008502416
7 35 15 12 0 19.20937271 38.65980825 0 0.4490815997 0.8450495165 0.2502879677 2.001660842
7 36 16 12 0 20 36.86989765 0 0.4524753985 0.8559112587 0.2521981563 2.012629634
7 37 17 12 0 20.80865205 35.21759297 0 0.4569548354 0.8701234842 0.2538603688 2.022107093
7 38 18 12 0 21.63330765 33.69006753 0 0.4574020509 0.8715347397 0.2528475907 2.016339937
7 39 19 12 0 22.47220505 32.27564431 0 0.4538815221 0.8603876612 0.2494362856 1.996743255
7 40 20 12 0 23.32380758 30.96375653 0 0.4470869982 0.8386274965 0.2441515993 1.965849134
8 0 -20 13 0 23.85372088 146.9761324 0 0.5560218762 1.153213551 0.2882240561 2.205262657
8 1 -19 13 0 23.02172887 145.6196553 0 0.5725599201 1.195498588 0.2995092863 2.260672639
8 2 -18 13 0 22.20360331 144.162347 0 0.5926928812 1.245356635 0.3122746487 2.320887357
8 3 -17 13 0 21.40093456 142.5946434 0 0.6160714186 1.301169511 0.3267713001 2.386353184
8 4 -16 13 0 20.61552813 140.9061411 0 0.642007118 1.360661198 0.3428002352 2.455440005
8 5 -15 13 0 19.84943324 139.0856168 0 0.6702858665 1.422848419 0.3610761077 2.530374866
8 6 -14 13 0 19.10497317 137.1210964 0 0.6967817334 1.478778708 0.3813176451 2.609065197
8 7 -13 13 0 18.38477631 135 0 0.7186318745 1.523324832 0.4043446073 2.693657276
8 8 -12 13 0 17.69180601 132.70939 0 0.7324282904 1.550759422 0.4279046935 2.775361408
8 9 -11 13 0 17.02938637 130.2363583 0 0.7396796669 1.564972523 0.4506555721 2.850097134
8 10 -10 13 0 16.40121947 127.568592 0 0.7428716263 1.571184829 0.4747680586 2.925294782
8 11 -9 13 0 15.8113883 124.6951535 0 0.7620031545 1.607868875 0.5076516698 3.021910822
8 12 -8 13 0 15.26433752 121.6075022 0 0.818685743 1.711381677 0.5479168643 3.132028914
8 13 -7 13 0 14.76482306 118.3007558 0 0.9064588686 1.858313463 0.5865491518 3.230323914
8 14 -6 13 0 14.31782106 114.7751406 0 0.9716746835 1.958545286 0.6313035442 3.336405756
8 15 -5 13 0 13.92838828 111.037511 0 0.9940470002 1.991385972 0.678439141 3.44029131
8 16 -4 13 0 13.60147051 107.102729 0 0.99890496 1.998419326 0.7544242736 3.593448001
8 17 -3 13 0 13.34166406 102.9946168 0 0.9997050877 1.999574469 0.8047797631 3.686665933
8 18 -2 13 0 13.15294644 98.74616226 0 0.9982487813 1.997471311 0.7654586734 3.614396395
8 19 -1 13 0 13.03840481 94.39870535 0 0.9621923193 1.944397188 0.6867364837 3.457828516
8 20 0 13 0 13 90 0 0.8177134834 1.709667334 0.5718497186 3.193707963
8 21 1 13 0 13.03840481 85.60129465 0 0.7182815338 1.522621331 0.4811501074 2.944558956
8 22 2 13 0 13.15294644 81.25383774 0 0.6273931306 1.327441638 0.405155503 2.696547641
8 23 3 13 0 13.34166406 77.00538321 0 0.5601090596 1.163779669 0.3561964343 2.510744979
8 24 4 13 0 13.60147051 72.89727103 0 0.516717062 1.047446427 0.3272240914 2.388350874
8 25 5 13 0 13.92838828 68.96248897 0 0.4867023712 0.9611117085 0.3007126 2.266457224
8 26 6 13 0 14.31782106 65.22485943 0 0.4754535045 0.9273761692 0.2876798116 2.202535886
8 27 7 13 0 14.76482306 61.69924423 0 0.471208746 0.9144382221 0.2808649522 2.167948514
8 28 8 13 0 15.26433752 58.39249775 0 0.4710901213 0.9140749844 0.2690557104 2.105976832
8 29 9 13 0 15.8113883 55.30484647 0 0.4603901061 0.880928735 0.2614225785 2.064455654
8 30 10 13 0 16.40121947 52.43140797 0 0.4456264187 0.8339066697 0.2511687398 2.006728824
8 31 11 13 0 17.02938637 49.76364169 0 0.4502223581 0.8487096082 0.2559802234 2.034104259
8 32 12 13 0 17.69180601 47.29061004 0 0.4583107604 0.8743980635 0.2666415218 2.092973361
8 33 13 13 0 18.38477631 45 0 0.4540899721 0.8610500825 0.2613822378 2.064233011
8 34 14 13 0 19.10497317 42.8789036 0 0.4450725991 0.832112589 0.2483506747 1.990450572
8 35 15 13 0 19.84943324 40.91438322 0 0.4363538106 0.8035703011 0.2387431274 1.933531109
8 36 16 13 0 20.61552813 39.09385889 0 0.4335315457 0.7942088794 0.2368246358 1.921891071
8 37 17 13 0 21.40093456 37.40535663 0 0.4354798514 0.8006778754 0.2376677312 1.927017943
8 38 18 13 0 22.20360331 35.83765295 0 0.4382326197 0.80976878 0.2392773317 1.936755633
8 39 19 13 0 23.02172887 34.38034472 0 0.4396905327 0.8145603741 0.2389649102 1.934870693
8 40 20 13 0 23.85372088 33.02386756 0 0.4375964816 0.8076730435 0.2365314503 1.920103928
9 0 -20 14 0 24.41311123 145.0079798 0 0.5681753515 1.184408151 0.2901818869 2.215029375
9 1 -19 14 0 23.60084744 143.6156482 0 0.5871100217 1.231702788 0.3018537971 2.271921854
9 2 -18 14 0 22.8035085 142.1250163 0 0.6083413088 1.282952878 0.3149213166 2.33306332
9 3 -17 14 0 22.02271555 140.5275402 0 0.6325512063 1.339254179 0.329607173 2.398819545
9 4 -16 14 0 21.26029163 138.8140748 0 0.6572952668 1.394613501 0.3460407984 2.469014048
9 5 -15 14 0 20.51828453 136.974934 0 0.6809269755 1.445571993 0.364465983 2.543856074
9 6 -14 14 0 19.79898987 135 0 0.7008866683 1.487253088 0.3849559893 2.622765422
9 7 -13 14 0 19.10497317 132.8789036 0 0.714159885 1.514319004 0.4063085571 2.700647654
9 8 -12 14 0 18.43908891 130.6012946 0 0.7214607964 1.528992907 0.4270456666 2.77246226
9 9 -11 14 0 17.80449381 128.1572266 0 0.7253714803 1.536791929 0.4477491378 2.840762559
9 10 -10 14 0 17.20465053 125.5376778 0 0.738800822 1.563257377 0.4756912139 2.928097284
9 11 -9 14 0 16.64331698 122.7352263 0 0.7828531405 1.646813595 0.509955845 3.02844424
9 12 -8 14 0 16.1245155 119.7448813 0 0.8548228529 1.773697383 0.5468183154 3.129133471
9 13 -7 14 0 15.65247584 116.5650512 0 0.9342401048 1.901865283 0.57657868 3.205589397
9 14 -6 14 0 15.23154621 113.1985905 0 0.9787399155 1.968997443 0.6281596635 3.32920321
9 15 -5 14 0 14.86606875 109.6538241 0 0.9944333253 1.99194655 0.670006626 3.422247268
9 16 -4 14 0 14.56021978 105.9453959 0 0.9986190394 1.998006318 0.7531850046 3.591076182
9 17 -3 14 0 14.31782106 102.0947571 0 0.9992551155 1.998924958 0.7751844645 3.632611563
9 18 -2 14 0 14.14213562 98.13010235 0 0.9954183219 1.993374847 0.7285796615 3.543158627
9 19 -1 14 0 14.03566885 94.08561678 0 0.9488353654 1.924229689 0.6538052046 3.386932767
9 20 0 14 0 14 90 0 0.8132336465 1.701741811 0.549812708 3.137012158
9 21 1 14 0 14.03566885 85.91438322 0 0.7166463504 1.519333261 0.4665276637 2.900034536
9 22 2 14 0 14.14213562 81.86989765 0 0.6346293915 1.343986243 0.3977933717 2.670091142
9 23 3 14 0 14.31782106 77.90524292 0 0.5637006947 1.173001251 0.3511646248 2.490219425
9 24 4 14 0 14.56021978 74.0546041 0 0.5164142714 1.046600776 0.3158620254 2.337366404
9 25 5 14 0 14.86606875 70.34617594 0 0.4838605991 0.9526633702 0.2929388125 2.228671259
9 26 6 14 0 15.23154621 66.80140949 0 0.4627514481 0.8883094099 0.2742440434 2.13353219
9 27 7 14 0 15.65247584 63.43494882 0 0.4530219197 0.8576527625 0.2655047945 2.086809819
9 28 8 14 0 16.1245155 60.2551187 0 0.4500742478 0.8482349246 0.2577691035 2.044151256
9 29 9 14 0 16.64331698 57.26477373 0 0.4426525837 0.8242467475 0.2473998254 1.984916387
9 30 10 14 0 17.20465053 54.46232221 0 0.4310515323 0.7859322591 0.239879107 1.940379412
9 31 11 14 0 17.80449381 51.84277341 0 0.4216780461 0.7542138174 0.2330925839 1.898975009
9 32 12 14 0 18.43908891 49.39870535 0 0.434216427 0.7964862114 0.2430814133 1.95951149
9 33 13 14 0 19.10497317 47.1210964 0 0.4401087219 0.815931868 0.2510452658 2.006019424
9 34 14 14 0 19.79898987 45 0 0.4368924804 0.8053501801 0.2466861722 1.980748754
9 35 15 14 0 20.51828453 43.02506599 0 0.4303288985 0.783511632 0.2365894588 1.920457701
9 36 16 14 0 21.26029163 41.18592517 0 0.4237393857 0.7612491356 0.2284707989 1.87008169
9 37 17 14 0 22.02271555 39.47245985 0 0.4215172881 0.753663708 0.2259332965 1.853968806
9 38 18 14 0 22.8035085 37.87498365 0 0.423511515 0.7604731012 0.2255423643 1.85147035
9 39 19 14 0 23.60084744 36.38435182 0 0.4252285358 0.76631032 0.226430783 1.85714201
9 40 20 14 0 24.41311123 34.9920202 0 0.4256264344 0.7676596603 0.2263667182 1.856733765
10 0 -20 15 0 25 143.1301024 0 0.580923031 1.216418933 0.292064444 2.22435864
10 1 -19 15 0 24.20743687 141.7098368 0 0.6010236911 1.265493765 0.3040371576 2.282319557
10 2 -18 15 0 23.43074903 140.1944289 0 0.6226079484 1.3163959 0.3174944004 2.344803053
10 3 -17 15 0 22.6715681 138.5763344 0 0.6449691457 1.367302051 0.3323860766 2.410931855
10 4 -16 15 0 21.9317122 136.8476103 0 0.6663154932 1.414277345 0.3491110276 2.481757834
10 5 -15 15 0 21.21320344 135 0 0.6841886888 1.452466158 0.3675426644 2.555983633
10 6 -14 15 0 20.51828453 133.025066 0 0.6968351408 1.478889285 0.38705213 2.630599793
10 7 -13 15 0 19.84943324 130.9143832 0 0.7042289246 1.494116389 0.405758265 2.698692387
10 8 -12 15 0 19.20937271 128.6598083 0 0.7084790807 1.50279716 0.4245732237 2.764085294
10 9 -11 15 0 18.60107524 126.2538377 0 0.7183586153 1.522776144 0.4475746143 2.840200116
10 10 -10 15 0 18.02775638 123.6900675 0 0.7546444674 1.593869019 0.4772528181 2.932825622
10 11 -9 15 0 17.49285568 120.9637565 0 0.8113980109 1.698481671 0.5095983587 3.027432536
10 12 -8 15 0 17 118.0724869 0 0.8874556304 1.827746897 0.5390694718 3.108543115
10 13 -7 15 0 16.55294536 115.0168935 0 0.9502590118 1.926392707 0.5764767983 3.205334449
10 14 -6 15 0 16.15549442 111.8014095 0 0.9823853581 1.974360963 0.620495157 3.311491855
10 15 -5 15 0 15.8113883 108.4349488 0 0.9943933333 1.991888529 0.6733552576 3.429439767
10 16 -4 15 0 15.5241747 104.9314172 0 0.9980768119 1.997222755 0.7410151701 3.567574983
10 17 -3 15 0 15.29705854 101.3099325 0 0.9982566652 1.997482705 0.7419518839 3.569397535
10 18 -2 15 0 15.13274595 97.59464337 0 0.9905661645 1.986325248 0.6946037622 3.47426213
10 19 -1 15 0 15.03329638 93.81407483 0 0.9355789259 1.90393127 0.6222953102 3.315671279
10 20 0 15 0 15 90 0 0.8092984989 1.694743825 0.5288757064 3.081000613
10 21 1 15 0 15.03329638 86.18592517 0 0.7156385937 1.517303098 0.4528228694 2.857018727
10 22 2 15 0 15.13274595 82.40535663 0 0.6412195864 1.358890399 0.3907076562 2.644161431
10 23 3 15 0 15.29705854 78.69006753 0 0.5702900189 1.189767688 0.3451877281 2.465453081
10 24 4 15 0 15.5241747 75.06858282 0 0.5201424781 1.056978767 0.3088888091 2.305159509
10 25 5 15 0 15.8113883 71.56505118 0 0.4852794865 0.9568877817 0.287137219 2.199812251
10 26 6 15 0 16.15549442 68.19859051 0 0.4585741908 0.8752270655 0.265561966 2.087120443
10 27 7 15 0 16.55294536 64.98310652 0 0.4433760749 0.8266028279 0.2538345919 2.021960594
10 28 8 15 0 17 61.92751306 0 0.4336271635 0.7945270386 0.2457527066 1.975279211
10 29 9 15 0 17.49285568 59.03624347 0 0.4279561458 0.7755348712 0.2366592917 1.920883471
10 30 10 15 0 18.02775638 56.30993247 0 0.4178731303 0.7411368998 0.228874835 1.872630751
10 31 11 15 0 18.60107524 53.74616226 0 0.407544092 0.7050280574 0.2216682037 1.826473748
10 32 12 15 0 19.20937271 51.34019175 0 0.4076388339 0.705363402 0.220505216 1.818884688
10 33 13 15 0 19.84943324 49.08561678 0 0.4206512305 0.7506964695 0.2320420594 1.892458234
10 34 14 15 0 20.51828453 46.97493401 0 0.4251082103 0.7659020276 0.2378128111 1.927898341
10 35 15 15 0 21.21320344 45 0 0.4231105667 0.7591066209 0.2342377317 1.906045393
10 36 16 15 0 21.9317122 43.15238973 0 0.418490748 0.7432676333 0.2265598274 1.857963976
10 37 17 15 0 22.6715681 41.42366563 0 0.4138277532 0.7271023074 0.219889903 1.814853265
10 38 18 15 0 23.43074903 39.80557109 0 0.4125792245 0.7227430809 0.2168034649 1.794459719
10 39 19 15 0 24.20743687 38.29016319 0 0.4145039513 0.7294577595 0.215601665 1.786440224
10 40 20 15 0 25 36.86989765 0 0.4162099959 0.735383519 0.2154522985 1.785440395
11 0 -20 16 0 25.61249695 141.3401917 0 0.5933032946 1.246841699 0.2938764988 2.233281897
11 1 -19 16 0 24.8394847 139.8990925 0 0.6129240776 1.293780285 0.3061893655 2.292496082
11 2 -18 16 0 24.08318916 138.3664607 0 0.632978979 1.340229494 0.3199411238 2.355878347
11 3 -17 16 0 23.34523506 136.7357046 0 0.652168212 1.383316028 0.3351437711 2.422852026
11 4 -16 16 0 22.627417 135 0 0.668368816 1.418716328 0.3517915043 2.492792548
11 5 -15 16 0 21.9317122 133.1523897 0 0.6805521499 1.444777623 0.3691211189 2.562166187
11 6 -14 16 0 21.26029163 131.1859252 0 0.6879904939 1.460460536 0.3861518215 2.627240082
11 7 -13 16 0 20.61552813 129.0938589 0 0.6923666728 1.469608187 0.403099883 2.68920927
11 8 -12 16 0 20 126.8698976 0 0.7008303593 1.487137178 0.4232494232 2.759580007
11 9 -11 16 0 19.41648784 124.508523 0 0.7312685548 1.548473231 0.4488719955 2.844375996
11 10 -10 16 0 18.86796226 122.0053832 0 0.7770012581 1.63598884 0.4767069661 2.931174613
11 11 -9 16 0 18.35755975 119.3577535 0 0.8416852135 1.751352678 0.5051600274 3.01481239
11 12 -8 16 0 17.88854382 116.5650512 0 0.9116865618 1.866609816 0.5315046643 3.088154258
11 13 -7 16 0 17.4642492 113.6293777 0 0.9599076553 1.940967528 0.573639039 3.198215115
11 14 -6 16 0 17.08800749 110.5560452 0 0.983822665 1.976470197 0.6112411309 3.289813532
11 15 -5 16 0 16.76305461 107.3540246 0 0.9937694046 1.990983031 0.675373505 3.433757488
11 16 -4 16 0 16.4924225 104.0362435 0 0.9971870153 1.995936002 0.7216496382 3.529370482
11 17 -3 16 0 16.2788206 100.6196553 0 0.9963545699 1.994731147 0.7082620148 3.502355075
11 18 -2 16 0 16.1245155 97.12501635 0 0.9836341325 1.976193703 0.6608754307 3.402450267
11 19 -1 16 0 16.03121954 93.57633437 0 0.922740582 1.883997013 0.5931678714 3.246512362
11 20 0 16 0 16 90 0 0.8055368591 1.688022509 0.5088847762 3.025410937
11 21 1 16 0 16.03121954 86.42366563 0 0.7150925209 1.516201819 0.439425199 2.813689509
11 22 2 16 0 16.1245155 82.87498365 0 0.646563686 1.370864386 0.3835788702 2.617595155
11 23 3 16 0 16.2788206 79.38034472 0 0.5776511411 1.208270379 0.338566334 2.437510428
11 24 4 16 0 16.4924225 75.96375653 0 0.5253184802 1.071264243 0.3042187674 2.283181061
11 25 5 16 0 16.76305461 72.64597536 0 0.4885317372 0.9665241942 0.2807484309 2.167349864
11 26 6 16 0 17.08800749 69.44395478 0 0.4607271735 0.8819845951 0.2608116493 2.061080215
11 27 7 16 0 17.4642492 66.37062227 0 0.4395500302 0.8140992894 0.2455961241 1.974359698
11 28 8 16 0 17.88854382 63.43494882 0 0.425886857 0.7685421136 0.2365347667 1.920124157
11 29 9 16 0 18.35755975 60.64224646 0 0.4163262033 0.7357862688 0.2286788548 1.871394875
11 30 10 16 0 18.86796226 57.99461679 0 0.4078453047 0.7060939484 0.2195300962 1.812490643
11 31 11 16 0 19.41648784 55.49147701 0 0.3977430963 0.6699087947 0.2128350802 1.767807866
11 32 12 16 0 20 53.13010235 0 0.3894450357 0.639491633 0.207000277 1.727704603
11 33 13 16 0 20.61552813 50.90614111 0 0.3978470732 0.670285891 0.2113279391 1.75755542
11 34 14 16 0 21.26029163 48.81407483 0 0.4088797509 0.7097485225 0.2223225042 1.830725895
11 35 15 16 0 21.9317122 46.84761027 0 0.4127904172 0.7234813845 0.2263934446 1.856904089
11 36 16 16 0 22.627417 45 0 0.4120693286 0.7209589892 0.223714851 1.839732936
11 37 17 16 0 23.34523506 43.26429541 0 0.4091278002 0.7106234767 0.2178095414 1.801139059
11 38 18 16 0 24.08318916 41.63353934 0 0.4059375392 0.6993296648 0.2120410824 1.762415716
11 39 19 16 0 24.8394847 40.10090755 0 0.4056494982 0.6983056089 0.2089727998 1.741387076
11 40 20 16 0 25.61249695 38.65980825 0 0.4077576822 0.7057839627 0.2072522381 1.729459586
12 0 -20 17 0 26.2488095 139.6354634 0 0.6033849413 1.271150597 0.2956398633 2.241912717
12 1 -19 17 0 25.49509757 138.1798301 0 0.6213918596 1.313575247 0.3083676967 2.302723548
12 2 -18 17 0 24.75883681 136.636577 0 0.6386258264 1.353042803 0.3222574322 2.366285537
12 3 -17 17 0 24.04163056 135 0 0.6536817315 1.386660284 0.3372581423 2.431925179
12 4 -16 17 0 23.34523506 133.2642954 0 0.6648872064 1.411181523 0.3528928703 2.497302188
12 5 -15 17 0 22.6715681 131.4236656 0 0.6721191396 1.426788892 0.3680594471 2.558010707
12 6 -14 17 0 22.02271555 129.4724598 0 0.6775510829 1.438401625 0.3837119314 2.618095531
12 7 -13 17 0 21.40093456 127.4053566 0 0.6850586812 1.454299478 0.4012937827 2.682730709
12 8 -12 17 0 20.80865205 125.217593 0 0.7111728661 1.508272186 0.4236326177 2.76088558
12 9 -11 17 0 20.24845673 122.9052429 0 0.7492501852 1.58351944 0.448209333 2.842244595
12 10 -10 17 0 19.72308292 120.4655449 0 0.8024606158 1.682502493 0.4738665174 2.922552631
12 11 -9 17 0 19.23538406 117.897271 0 0.8688640956 1.797202439 0.4978055865 2.993654326
12 12 -8 17 0 18.78829423 115.2011236 0 0.9274757333 1.89138144 0.5287602331 3.080685584
12 13 -7 17 0 18.38477631 112.3801351 0 0.9646362952 1.948056999 0.5678741766 3.183643214
12 14 -6 17 0 18.02775638 109.4400348 0 0.9842297849 1.977067081 0.6077968811 3.281661177
12 15 -5 17 0 17.72004515 106.3895403 0 0.9928701811 1.989677001 0.670278113 3.422831731
12 16 -4 17 0 17.4642492 103.2405199 0 0.9957040466 1.993788898 0.6969916749 3.479213329
12 17 -3 17 0 17.2626765 100.0079798 0 0.9931638893 1.990103712 0.6754628 3.433948223
12 18 -2 17 0 17.11724277 96.70983681 0 0.9748903992 1.96331194 0.628769429 3.33060298
12 19 -1 17 0 17.02938637 93.36646066 0 0.9104306146 1.864620976 0.5665069912 3.180165665
12 20 0 17 0 17 90 0 0.8017432381 1.681212186 0.4895119134 2.969415877
12 21 1 17 0 17.02938637 86.63353934 0 0.7147807979 1.515572783 0.426198987 2.769599069
12 22 2 17 0 17.11724277 83.29016319 0 0.6505932394 1.379827736 0.3762263459 2.589672785
12 23 3 17 0 17.2626765 79.9920202 0 0.5845254809 1.225337822 0.3327846143 2.41266064
12 24 4 17 0 17.4642492 76.75948008 0 0.5318871301 1.089192034 0.2998937551 2.262523386
12 25 5 17 0 17.72004515 73.61045967 0 0.4929557914 0.9795301756 0.2751241747 2.138154817
12 26 6 17 0 18.02775638 70.55996517 0 0.4641357929 0.8926188636 0.2567723719 2.038561885
12 27 7 17 0 18.38477631 67.61986495 0 0.4413356175 0.8199480883 0.2407121861 1.945381085
12 28 8 17 0 18.78829423 64.79887635 0 0.4236685971 0.7610081031 0.2297685765 1.878253411
12 29 9 17 0 19.23538406 62.10272897 0 0.4108943639 0.7168394467 0.2212067021 1.823467002
12 30 10 17 0 19.72308292 59.53445508 0 0.4007589883 0.6808067831 0.212939283 1.768514028
12 31 11 17 0 20.24845673 57.09475708 0 0.3911195266 0.6456814694 0.2052629315 1.715545019
12 32 12 17 0 20.80865205 54.78240703 0 0.3816267814 0.610234324 0.1994497804 1.67409744
12 33 13 17 0 21.40093456 52.59464337 0 0.37800134 0.596463254 0.1960482235 1.649280474
12 34 14 17 0 22.02271555 50.52754015 0 0.3900901531 0.6418794864 0.2041935367 1.708009107
12 35 15 17 0 22.6715681 48.57633437 0 0.3991379704 0.6749594354 0.2135056335 1.772346042
12 36 16 17 0 23.34523506 46.73570459 0 0.4029704279 0.6887458752 0.21666556 1.793541754
12 37 17 17 0 24.04163056 45 0 0.4030798538 0.6891375831 0.2144584161 1.778769839
12 38 18 17 0 24.75883681 43.36342296 0 0.4016246604 0.6839197608 0.2097962395 1.747060724
12 39 19 17 0 25.49509757 41.82016988 0 0.3999631592 0.677939024 0.2048786206 1.71284135
12 40 20 17 0 26.2488095 40.36453657 0 0.4005576351 0.680081748 0.2018648181 1.691461399
13 0 -20 18 0 26.90724809 138.0127875 0 0.6101711605 1.287285898 0.2976064117 2.251477514
13 1 -19 18 0 26.17250466 136.5481577 0 0.6257492922 1.323656659 0.3101056922 2.310831913
13 2 -18 18 0 25.45584412 135 0 0.6393669221 1.354716013 0.323617023 2.372359404
13 3 -17 18 0 24.75883681 133.363423 0 0.6501904923 1.378934365 0.3375486995 2.433167566
13 4 -16 18 0 24.08318916 131.6335393 0 0.6577950224 1.395709996 0.3516143139 2.492065707
13 5 -15 18 0 23.43074903 129.8055711 0 0.662950416 1.406972876 0.3657910912 2.549091844
13 6 -14 18 0 22.8035085 127.8749837 0 0.6706664372 1.423667311 0.3815063449 2.609778956
13 7 -13 18 0 22.20360331 125.837653 0 0.6935860179 1.47214672 0.401095882 2.682019059
13 8 -12 18 0 21.63330765 123.6900675 0 0.7260560197 1.538152771 0.4228568497 2.758241253
13 9 -11 18 0 21.09502311 121.4295656 0 0.7702549833 1.623408016 0.4455655156 2.833709485
13 10 -10 18 0 20.59126028 119.0546041 0 0.828054019 1.727796792 0.4682984673 2.905500221
13 11 -9 18 0 20.1246118 116.5650512 0 0.8888285208 1.829977016 0.4913343262 2.974776939
13 12 -8 18 0 19.6977156 113.962489 0 0.936877554 1.905932411 0.5262423892 3.073799368
13 13 -7 18 0 19.31320792 111.2505055 0 0.9675055247 1.952341805 0.5603900826 3.164503329
13 14 -6 18 0 18.97366596 108.4349488 0 0.9835707598 1.976100751 0.6081668745 3.282539143
13 15 -5 18 0 18.68154169 105.524111 0 0.9913413646 1.987453835 0.6586826457 3.397655445
13 16 -4 18 0 18.43908891 102.5288077 0 0.9933642307 1.990394704 0.6708941462 3.424157061
13 17 -3 18 0 18.24828759 99.46232221 0 0.9884569211 1.983249997 0.6447788387 3.366876301
13 18 -2 18 0 18.11077028 96.34019175 0 0.9647456909 1.9482206 0.598429048 3.259252111
13 19 -1 18 0 18.02775638 93.17983012 0 0.8986466075 1.845825793 0.5406335571 3.112722968
13 20 0 18 0 18 90 0 0.7979100217 1.674297972 0.4720258477 2.916937767
13 21 1 18 0 18.02775638 86.82016988 0 0.7145742383 1.515155808 0.4135629333 2.726178791
13 22 2 18 0 18.11077028 83.65980825 0 0.6535111262 1.386283704 0.3681232112 2.558260624
13 23 3 18 0 18.24828759 80.53767779 0 0.5908519573 1.240868602 0.3275690663 2.389871029
13 24 4 18 0 18.43908891 77.47119229 0 0.5386886565 1.107523591 0.2960657578 2.243989547
13 25 5 18 0 18.68154169 74.475889 0 0.498421136 0.9954371537 0.271497836 2.119012604
13 26 6 18 0 18.97366596 71.56505118 0 0.4681661471 0.9050925227 0.2528992471 2.016634647
13 27 7 18 0 19.31320792 68.74949449 0 0.4444606546 0.8301276169 0.2374737296 1.92583983
13 28 8 18 0 19.6977156 66.03751103 0 0.4254782568 0.7671573129 0.2251300852 1.848830769
13 29 9 18 0 20.1246118 63.43494882 0 0.4102710109 0.7146491242 0.2159210221 1.788575617
13 30 10 18 0 20.59126028 60.9453959 0 0.3980334709 0.670961658 0.2079850365 1.734551643
13 31 11 18 0 21.09502311 58.57043439 0 0.3874064664 0.6319199401 0.1999619241 1.677797219
13 32 12 18 0 21.63330765 56.30993247 0 0.3776986703 0.59530761 0.1935545836 1.630812378
13 33 13 18 0 22.20360331 54.16234705 0 0.3694594096 0.5634877776 0.1884007576 1.591876672
13 34 14 18 0 22.8035085 52.12501635 0 0.3720271619 0.5734798623 0.1887334768 1.59442225
13 35 15 18 0 23.43074903 50.19442891 0 0.3836244549 0.6177665959 0.1979888931 1.663491404
13 36 16 18 0 24.08318916 48.36646066 0 0.3913379375 0.6464868816 0.2055453269 1.717528477
13 37 17 18 0 24.75883681 46.63657704 0 0.3950065445 0.6599484615 0.2080216664 1.734805704
13 38 18 18 0 25.45584412 45 0 0.3960553329 0.6637739083 0.2062411242 1.722403938
13 39 19 18 0 26.17250466 43.4518423 0 0.395579761 0.6620405205 0.2024072062 1.695332559
13 40 20 18 0 26.90724809 41.9872125 0 0.3951993691 0.6606525491 0.1983063525 1.665802799
14 0 -20 19 0 27.58622845 136.4688007 0 0.613321298 1.294714956 0.2988006704 2.25725529
14 1 -19 19 0 26.87005769 135 0 0.6260214111 1.324283906 0.3110046775 2.315008184
14 2 -18 19 0 26.17250466 133.4518423 0 0.6363168651 1.347817265 0.323580711 2.372197515
14 3 -17 19 0 25.49509757 131.8201699 0 0.6437829033 1.364646169 0.3364464125 2.428448643
14 4 -16 19 0 24.8394847 130.1009075 0 0.6495407397 1.377491921 0.3494444181 2.483134907
14 5 -15 19 0 24.20743687 128.2901632 0 0.6573951772 1.394832778 0.3635561239 2.540250002
14 6 -14 19 0 23.60084744 126.3843518 0 0.6779113128 1.439168452 0.3808565637 2.607319664
14 7 -13 19 0 23.02172887 124.3803447 0 0.7064129214 1.498583637 0.4000935594 2.67840931
14 8 -12 19 0 22.47220505 122.2756443 0 0.7437035825 1.572799627 0.4202369334 2.749274867
14 9 -11 19 0 21.9544984 120.0685828 0 0.7924365214 1.664367277 0.4412239176 2.819582903
14 10 -10 19 0 21.47091055 117.7585406 0 0.8496428778 1.76492848 0.4621518558 2.886438881
14 11 -9 19 0 21.02379604 115.3461759 0 0.9032142135 1.853140095 0.4881563633 2.965415242
14 12 -8 19 0 20.61552813 112.8336542 0 0.943400273 1.915941923 0.5213332804 3.060277865
14 13 -7 19 0 20.24845673 110.2248594 0 0.9684029384 1.953679362 0.5547687813 3.14995851
14 14 -6 19 0 19.92485885 107.5255684 0 0.9824880497 1.974511765 0.6048022133 3.274535324
14 15 -5 19 0 19.6468827 104.7435628 0 0.9892156863 1.984357022 0.642529913 3.361835526
14 16 -4 19 0 19.41648784 101.888658 0 0.9899877065 1.985482515 0.6432277461 3.363401545
14 17 -3 19 0 19.23538406 98.97262661 0 0.9821663108 1.974039243 0.61396708 3.296233208
14 18 -2 19 0 19.10497317 96.00900596 0 0.9536122584 1.931474686 0.5707673904 3.190974817
14 19 -1 19 0 19.02629759 93.0127875 0 0.8873366404 1.827553447 0.5167166334 3.047445231
14 20 0 19 0 19 90 0 0.7938299595 1.666901916 0.4551577872 2.864438669
14 21 1 19 0 19.02629759 86.9872125 0 0.7143073027 1.514616776 0.4018363072 2.684679827
14 22 2 19 0 19.10497317 83.99099404 0 0.6555022498 1.390672637 0.3600183903 2.526142509
14 23 3 19 0 19.23538406 81.02737339 0 0.5963874544 1.254321814 0.3221421414 2.365769306
14 24 4 19 0 19.41648784 78.11134196 0 0.5451096594 1.12461839 0.2920906296 2.224487981
14 25 5 19 0 19.6468827 75.25643716 0 0.504172741 1.011990024 0.2681790175 2.10126827
14 26 6 19 0 19.92485885 72.47443163 0 0.472892983 0.9195856396 0.2496719526 1.998105668
14 27 7 19 0 20.24845673 69.77514057 0 0.4482000957 0.8422148621 0.23474985 1.909196141
14 28 8 19 0 20.61552813 67.16634582 0 0.4282418195 0.7764975926 0.2216736078 1.82650892
14 29 9 19 0 21.02379604 64.65382406 0 0.4120467638 0.7208799853 0.2119219803 1.761605135
14 30 10 19 0 21.47091055 62.2414594 0 0.3985881603 0.672970762 0.203666189 1.704278401
14 31 11 19 0 21.9544984 59.93141718 0 0.3869885413 0.6303627541 0.1964046583 1.651901053
14 32 12 19 0 22.47220505 57.72435569 0 0.3766350395 0.5912391296 0.1893762349 1.599327201
14 33 13 19 0 23.02172887 55.61965528 0 0.3671310706 0.554367121 0.1837155931 1.555545987
14 34 14 19 0 23.60084744 53.61564818 0 0.3607185441 0.5289454973 0.1796018958 1.522874484
14 35 15 19 0 24.20743687 51.70983681 0 0.3681926484 0.5585327264 0.1832943745 1.552234414
14 36 16 19 0 24.8394847 49.89909245 0 0.3783658604 0.5978538268 0.1922509518 1.621062646
14 37 17 19 0 25.49509757 48.17983012 0 0.3851156526 0.6233636662 0.1983365093 1.666022175
14 38 18 19 0 26.17250466 46.5481577 0 0.3887902832 0.6370640683 0.2000816479 1.67866075
14 39 19 19 0 26.87005769 45 0 0.3903502358 0.6428410463 0.19877453 1.669204814
14 40 20 19 0 27.58622845 43.53119929 0 0.3908105378 0.6445412736 0.195710882 1.646795881
15 0 -20 20 0 28.28427125 135 0 0.6130165855 1.293998013 0.2993402007 2.259857948
15 1 -19 20 0 27.58622845 133.5311993 0 0.6230793071 1.31748771 0.3107642271 2.313892346
15 2 -18 20 0 26.90724809 131.9872125 0 0.6305366213 1.334652069 0.3225614741 2.367646042
15 3 -17 20 0 26.2488095 130.3645366 0 0.6366662887 1.348609281 0.3345904852 2.420468325
15 4 -16 20 0 25.61249695 128.6598083 0 0.6446879903 1.366673013 0.347411624 2.474717931
15 5 -15 20 0 25 126.8698976 0 0.6638371697 1.408901316 0.3626452774 2.536630967
15 6 -14 20 0 24.41311123 124.9920202 0 0.6891994317 1.462993417 0.379794963 2.603292677
15 7 -13 20 0 23.85372088 123.0238676 0 0.7212280781 1.528527469 0.3978149552 2.670169418
15 8 -12 20 0 23.32380758 120.9637565 0 0.7623972665 1.608614852 0.4167021699 2.737088518
15 9 -11 20 0 22.82542442 118.8107937 0 0.8135244066 1.702257534 0.4360042621 2.802414143
15 10 -10 20 0 22.36067977 116.5650512 0 0.8675276046 1.79498157 0.4565571503 2.868867368
15 11 -9 20 0 21.9317122 114.2277453 0 0.9137025242 1.869796446 0.4855107919 2.957575269
15 12 -8 20 0 21.54065923 111.8014095 0 0.9469429241 1.921349377 0.5148774925 3.04230111
15 13 -7 20 0 21.1896201 109.2900462 0 0.968067025 1.953178842 0.5519251638 3.142544569
15 14 -6 20 0 20.88061302 106.6992442 0 0.9805717218 1.971695062 0.5977781588 3.257682091
15 15 -5 20 0 20.61552813 104.0362435 0 0.986264165 1.980046021 0.6233031519 3.318005913
15 16 -4 20 0 20.39607805 101.3099325 0 0.9853788728 1.978750445 0.6151481039 3.299005703
15 17 -3 20 0 20.22374842 98.53076561 0 0.9743444383 1.962503771 0.5850956584 3.226744418
15 18 -2 20 0 20.09975124 95.71059314 0 0.9418377407 1.91355044 0.5448098508 3.123824694
15 19 -1 20 0 20.02498439 92.86240523 0 0.8764327562 1.80971531 0.4945034741 2.984052562
15 20 0 20 0 20 90 0 0.7895261917 1.659059032 0.4392616332 2.8131524
15 21 1 20 0 20.02498439 87.13759477 0 0.7137756733 1.513542638 0.39034399 2.642817962
15 22 2 20 0 20.09975124 84.28940686 0 0.6568842277 1.393711031 0.3522200886 2.4945491
15 23 3 20 0 20.22374842 81.46923439 0 0.6010664104 1.265596305 0.3166990421 2.341184409
15 24 4 20 0 20.39607805 78.69006753 0 0.5510482971 1.140250676 0.287993065 2.204105976
15 25 5 20 0 20.61552813 75.96375653 0 0.5101912194 1.029109975 0.2648641888 2.083324701
15 26 6 20 0 20.88061302 73.30075577 0 0.4778710422 0.9346932515 0.2465904483 1.980188823
15 27 7 20 0 21.1896201 70.70995378 0 0.4522565476 0.8552132948 0.2320019763 1.892209
15 28 8 20 0 21.54065923 68.19859051 0 0.4316606559 0.7879695082 0.2194020617 1.811648988
15 29 9 20 0 21.9317122 65.77225468 0 0.4145270545 0.7295381689 0.2087653946 1.739954492
15 30 10 20 0 22.36067977 63.43494882 0 0.4003280241 0.6792545172 0.2003534317 1.680619126
15 31 11 20 0 22.82542442 61.18920626 0 0.3880988731 0.6344961493 0.1931558516 1.627837289
15 32 12 20 0 23.32380758 59.03624347 0 0.3772549199 0.5936116205 0.1863525526 1.576106486
15 33 13 20 0 23.85372088 56.97613244 0 0.3674027486 0.5554343246 0.1803147128 1.528589024
15 34 14 20 0 24.41311123 55.0079798 0 0.3589599579 0.5218948251 0.175416878 1.488859471
15 35 15 20 0 25 53.13010235 0 0.3556453508 0.5085112089 0.1730974629 1.469656484
15 36 16 20 0 25.61249695 51.34019175 0 0.3650459113 0.5461498262 0.1791262367 1.51904857
15 37 17 20 0 26.2488095 49.63546343 0 0.3738885131 0.5806800535 0.1868841252 1.58021593
15 38 18 20 0 26.90724809 48.0127875 0 0.3801087208 0.6044840302 0.1916802481 1.616773586
15 39 19 20 0 27.58622845 46.46880071 0 0.3838251371 0.6185211033 0.1931107023 1.627500027
15 40 20 20 0 28.28427125 45 0 0.3856993531 0.6255486315 0.1919981956 1.619164658
16 0 -20 21 0 29 133.602819 0 0.6103847655 1.28779086 0.2989020655 2.257744771
16 1 -19 21 0 28.31960452 132.1375948 0 0.6178571257 1.305345171 0.3097537031 2.309193435
16 2 -18 21 0 27.65863337 130.6012946 0 0.6245834798 1.320966316 0.3207060392 2.359323426
16 3 -17 21 0 27.01851217 128.990994 0 0.6331363671 1.340588171 0.332436622 2.411151227
16 4 -16 21 0 26.40075756 127.3039483 0 0.6508756929 1.380453943 0.3465328526 2.471064037
16 5 -15 21 0 25.8069758 125.5376778 0 0.6737771798 1.430343472 0.3615365214 2.532213296
16 6 -14 21 0 25.23885893 123.6900675 0 0.7018466849 1.48922782 0.377775899 2.59560257
16 7 -13 21 0 24.69817807 121.7594801 0 0.7371871779 1.560102883 0.3947805349 2.659122763
16 8 -12 21 0 24.18677324 119.7448813 0 0.7816063815 1.644514151 0.412342706 2.721915793
16 9 -11 21 0 23.70653918 117.6459754 0 0.8320151536 1.73468171 0.4306166503 2.784476009
16 10 -10 21 0 23.2594067 115.4633451 0 0.8806226904 1.816595923 0.4533688687 2.858757235
16 11 -9 21 0 22.84731932 113.1985905 0 0.920090667 1.879847938 0.4809229275 2.943877612
16 12 -8 21 0 22.47220505 110.854458 0 0.9483064764 1.923425294 0.5093536519 3.026739594
16 13 -7 21 0 22.13594362 108.4349488 0 0.9670119745 1.95160566 0.549159716 3.135297704
16 14 -6 21 0 21.84032967 105.9453959 0 0.9778754896 1.967722687 0.5874109224 3.232441997
16 15 -5 21 0 21.58703314 103.3924978 0 0.9822926363 1.974224789 0.601433906 3.266478108
16 16 -4 21 0 21.37755833 100.7842979 0 0.9795058249 1.970125977 0.5885667735 3.235278005
16 17 -3 21 0 21.21320344 98.13010235 0 0.9652001205 1.948900001 0.558426316 3.159438836
16 18 -2 21 0 21.09502311 95.44033203 0 0.9296886988 1.894819624 0.5203807158 3.057639405
16 19 -1 21 0 21.02379604 92.72631099 0 0.8658872321 1.792251054 0.4743519339 2.924029734
16 20 0 21 0 21 90 0 0.7849616887 1.650694148 0.4236669035 2.761002336
16 21 1 21 0 21.02379604 87.27368901 0 0.7128261555 1.511622179 0.3791556005 2.600861938
16 22 2 21 0 21.09502311 84.55966797 0 0.6576764796 1.395449981 0.3441738653 2.461209456
16 23 3 21 0 21.21320344 81.86989765 0 0.6049424797 1.274869877 0.3116194504 2.31785719
16 24 4 21 0 21.37755833 79.21570213 0 0.556404778 1.154206714 0.2840440879 2.18418678
16 25 5 21 0 21.58703314 76.60750225 0 0.5158502014 1.045024085 0.2617577413 2.06630411
16 26 6 21 0 21.84032967 74.0546041 0 0.4829794277 0.9500336445 0.2438747602 1.964212359
16 27 7 21 0 22.13594362 71.56505118 0 0.4567408755 0.869447813 0.2294272164 1.87610845
16 28 8 21 0 22.47220505 69.14554196 0 0.4352840028 0.8000289054 0.2171556759 1.796801567
16 29 9 21 0 22.84731932 66.80140949 0 0.4175271361 0.73994187 0.2065064759 1.724258929
16 30 10 21 0 23.2594067 64.53665494 0 0.402682545 0.6877148425 0.1977635135 1.661848185
16 31 11 21 0 23.70653918 62.35402464 0 0.3899727974 0.6414453971 0.1904248193 1.607293431
16 32 12 21 0 24.18677324 60.2551187 0 0.3786918465 0.5990962645 0.1838258855 1.556411839
16 33 13 21 0 24.69817807 58.24051992 0 0.3686364862 0.5602707754 0.1777945141 1.508282715
16 34 14 21 0 25.23885893 56.30993247 0 0.3596068443 0.5244923848 0.172488429 1.46457149
16 35 15 21 0 25.8069758 54.46232221 0 0.3524115621 0.4953331628 0.1684176298 1.430115072
16 36 16 21 0 26.40075756 52.69605172 0 0.3531614827 0.4983999102 0.1684792552 1.430642869
16 37 17 21 0 27.01851217 51.00900596 0 0.3621841861 0.5347954609 0.1752619171 1.48758445
16 38 18 21 0 27.65863337 49.39870535 0 0.3701513454 0.5661871777 0.1817974224 1.54040365
16 39 19 21 0 28.31960452 47.86240523 0 0.3757546492 0.58786286 0.185539924 1.569801561
16 40 20 21 0 29 46.39718103 0 0.3794570264 0.6020084145 0.1866544002 1.578441424
17 0 -20 22 0 29.73213749 132.273689 0 0.6061374825 1.277716964 0.2977606269 2.252224903
17 1 -19 22 0 29.06888371 130.8150839 0 0.612969509 1.293887217 0.3080154316 2.301074537
17 2 -18 22 0 28.42534081 129.2894069 0 0.6223295224 1.315750592 0.3190146894 2.351694761
17 3 -17 22 0 27.80287755 127.6942405 0 0.6388446951 1.353537156 0.3313683903 2.406507893
17 4 -16 22 0 27.20294102 126.0273734 0 0.6597819602 1.400061237 0.3450250196 2.464772888
17 5 -15 22 0 26.62705391 124.286877 0 0.6849303678 1.454029232 0.3595400019 2.524224197
17 6 -14 22 0 26.07680962 122.4711923 0 0.7156701437 1.5173667 0.3749138224 2.584630921
17 7 -13 22 0 25.55386468 120.5792269 0 0.7538833129 1.592413144 0.3907718174 2.644398328
17 8 -12 22 0 25.05992817 118.6104597 0 0.7991014894 1.676450649 0.4075701293 2.705120226
17 9 -11 22 0 24.59674775 116.5650512 0 0.8465168904 1.759610759 0.4254496994 2.767060478
17 10 -10 22 0 24.16609195 114.4439548 0 0.8896379808 1.831290287 0.4497046921 2.847049842
17 11 -9 22 0 23.76972865 112.2490237 0 0.923752225 1.885577839 0.4752667382 2.926809342
17 12 -8 22 0 23.40939982 109.9831065 0 0.9484509041 1.923645001 0.5056684107 3.016263561
17 13 -7 22 0 23.08679276 107.6501242 0 0.9649574954 1.948537301 0.5443380472 3.122574784
17 14 -6 22 0 22.8035085 105.2551187 0 0.9743869962 1.962566785 0.5731668936 3.197027186
17 15 -5 22 0 22.56102835 102.8042661 0 0.9772596649 1.966813853 0.5789401068 3.21148601
17 16 -4 22 0 22.36067977 100.3048465 0 0.9723414871 1.959534984 0.5629484144 3.171074633
17 17 -3 22 0 22.20360331 97.76516602 0 0.9549691126 1.933525977 0.5333068386 3.093037733
17 18 -2 22 0 22.09072203 95.19442891 0 0.917362718 1.875564182 0.497789349 2.993607267
17 19 -1 22 0 22.02271555 92.6025622 0 0.8556471852 1.775087948 0.4554193317 2.865267438
17 20 0 22 0 22 90 0 0.7801436314 1.641811667 0.4096344829 2.712409071
17 21 1 22 0 22.02271555 87.3974378 0 0.7113598043 1.508651362 0.3682831132 2.558887152
17 22 2 22 0 22.09072203 84.80557109 0 0.6580439027 1.396255744 0.3360881889 2.426911748
17 23 3 22 0 22.20360331 82.23483398 0 0.6079427689 1.282007421 0.3061687106 2.292398757
17 24 4 22 0 22.36067977 79.69515353 0 0.5611627627 1.166491184 0.2801377777 2.164208455
17 25 5 22 0 22.56102835 77.19573393 0 0.5211273983 1.059708012 0.2586191804 2.048901181
17 26 6 22 0 22.8035085 74.7448813 0 0.4880108439 0.9649851107 0.2411209167 1.947828712
17 27 7 22 0 23.08679276 72.34987578 0 0.4611835102 0.8834128348 0.2269455129 1.860417869
17 28 8 22 0 23.40939982 70.01689348 0 0.4391257599 0.8127060732 0.2150503443 1.782746346
17 29 9 22 0 23.76972865 67.75097634 0 0.4208812061 0.7514849946 0.2046455241 1.711199019
17 30 10 22 0 24.16609195 65.55604522 0 0.4054352034 0.6975432667 0.1957530229 1.647106491
17 31 11 22 0 24.59674775 63.43494882 0 0.392152974 0.6494884466 0.1881844238 1.590219125
17 32 12 22 0 25.05992817 61.38954033 0 0.3805989136 0.6063433488 0.1816874429 1.539530618
17 33 13 22 0 25.55386468 59.42077313 0 0.3701915524 0.5663438789 0.1756667232 1.49091283
17 34 14 22 0 26.07680962 57.52880771 0 0.3608220014 0.5293592158 0.170274625 1.44593536
17 35 15 22 0 26.62705391 55.71312302 0 0.3527586184 0.4967532356 0.165786285 1.407396567
17 36 16 22 0 27.20294102 53.97262661 0 0.3472433451 0.4740189505 0.1625214122 1.378701711
17 37 17 22 0 27.80287755 52.30575953 0 0.3511723157 0.490251021 0.164839138 1.399130729
17 38 18 22 0 28.42534081 50.71059314 0 0.3594423924 0.5238324745 0.1714302927 1.455693969
17 39 19 22 0 29.06888371 49.18491613 0 0.3665624044 0.552130732 0.1768684782 1.500748857
17 40 20 22 0 29.73213749 47.72631099 0 0.3718871968 0.5729369852 0.1798639921 1.5249783
18 0 -20 23 0 30.47950131 131.0090869 0 0.6024403794 1.268890377 0.2961200761 2.244254209
18 1 -19 23 0 29.83286778 129.559668 0 0.6124966288 1.292773809 0.3063865063 2.293424665
18 2 -18 23 0 29.20616373 128.0470425 0 0.627947729 1.328716378 0.3176079516 2.345318937
18 3 -17 23 0 28.60069929 126.4692344 0 0.6471553334 1.372183942 0.3298682586 2.399961867
18 4 -16 23 0 28.01785145 124.8244892 0 0.6698366785 1.421881282 0.3429942978 2.456256497
18 5 -15 23 0 27.45906044 123.111342 0 0.6968450676 1.478909837 0.3566949899 2.512762857
18 6 -14 23 0 26.92582404 121.3286929 0 0.730029408 1.546026487 0.3713264377 2.570759941
18 7 -13 23 0 26.41968963 119.475889 0 0.7697845461 1.622526613 0.386594658 2.628893608
18 8 -12 23 0 25.94224354 117.5528116 0 0.8139464934 1.703005864 0.402502535 2.687069775
18 9 -11 23 0 25.49509757 115.5599652 0 0.857442276 1.778111456 0.4219238498 2.755054545
18 10 -10 23 0 25.07987241 113.4985657 0 0.895641103 1.840992643 0.4452823953 2.83279248
18 11 -9 23 0 24.69817807 111.3706223 0 0.9256642543 1.888560917 0.4702109948 2.911380179
18 12 -8 23 0 24.35159132 109.179008 0 0.9475761738 1.922313829 0.5024768023 3.007128898
18 13 -7 23 0 24.04163056 106.9275131 0 0.9619874191 1.944089932 0.5361831428 3.100797768
18 14 -6 23 0 23.76972865 104.620874 0 0.9699533002 1.955987193 0.5569072005 3.155508851
18 15 -5 23 0 23.53720459 102.2647737 0 0.9711054739 1.957699904 0.5573286534 3.156600232
18 16 -4 23 0 23.34523506 99.86580694 0 0.963959032 1.947043739 0.5391423407 3.108738119
18 17 -3 23 0 23.19482701 97.43140797 0 0.9439029603 1.916710453 0.5099104401 3.028315782
18 18 -2 23 0 23.08679276 94.96974073 0 0.9050073713 1.856001448 0.4769327223 2.931857675
18 19 -1 23 0 23.02172887 92.48955292 0 0.845644803 1.758123719 0.4379277539 2.808764789
18 20 0 23 0 23 90 0 0.7750913618 1.632438279 0.3963130744 2.664712468
18 21 1 23 0 23.02172887 87.51044708 0 0.7096469826 1.505173432 0.3582143703 2.518895119
18 22 2 23 0 23.08679276 85.03025927 0 0.6579718148 1.39609769 0.3280905429 2.392165914
18 23 3 23 0 23.19482701 82.56859203 0 0.6101971914 1.287347445 0.3005068505 2.265469785
18 24 4 23 0 23.34523506 80.13419306 0 0.5652990809 1.177086257 0.2760127681 2.142806911
18 25 5 23 0 23.53720459 77.73522627 0 0.5259619337 1.073030294 0.2555526166 2.031692268
18 26 6 23 0 23.76972865 75.37912601 0 0.4929959294 0.9796476396 0.23862218 1.932800053
18 27 7 23 0 24.04163056 73.07248694 0 0.4657077039 0.8974966529 0.2245584403 1.845162853
18 28 8 23 0 24.35159132 70.82099197 0 0.443192953 0.8260068471 0.2128482878 1.76789739
18 29 9 23 0 24.69817807 68.62937773 0 0.4243839747 0.7634420845 0.202755869 1.697815581
18 30 10 23 0 25.07987241 66.50143432 0 0.4083865615 0.7080072983 0.1939940591 1.634084377
18 31 11 23 0 25.49509757 64.44003483 0 0.3946993148 0.65882592 0.186388934 1.576388114
18 32 12 23 0 25.94224354 62.44718842 0 0.3827586222 0.6145067819 0.1797863454 1.524355359
18 33 13 23 0 26.41968963 60.524111 0 0.3721216046 0.573846058 0.173775098 1.475293264
18 34 14 23 0 26.92582404 58.67130713 0 0.3625605892 0.5362940158 0.1685183445 1.430977553
18 35 15 23 0 27.45906044 56.88865804 0 0.3539138775 0.5014702383 0.1638590976 1.39052768
18 36 16 23 0 28.01785145 55.17551084 0 0.3468710696 0.4724714245 0.1599733324 1.355903332
18 37 17 23 0 28.60069929 53.53076561 0 0.3434044614 0.4579806876 0.1578327714 1.336468694
18 38 18 23 0 29.20616373 51.95295747 0 0.3492650726 0.4823942817 0.1618045463 1.372324049
18 39 19 23 0 29.83286778 50.44033203 0 0.3568987674 0.5135868238 0.1676681639 1.423680688
18 40 20 23 0 30.47950131 48.9909131 0 0.3633539335 0.5394474295 0.1720840311 1.461185131
19 0 -20 24 0 31.2409987 129.8055711 0 0.6029956285 1.270219448 0.2947616346 2.237620664
19 1 -19 24 0 30.61045573 128.3674854 0 0.6175236858 1.304566379 0.3048479 2.286161513
19 2 -18 24 0 30 126.8698976 0 0.6353670493 1.345662178 0.3161252506 2.338568181
19 3 -17 24 0 29.41088234 125.3112134 0 0.6558947273 1.391536182 0.3278196119 2.390974072
19 4 -16 24 0 28.8444102 123.6900675 0 0.6801277407 1.443877642 0.3403921301 2.445269587
19 5 -15 24 0 28.3019434 122.0053832 0 0.7093143724 1.504497085 0.3535058277 2.499805904
19 6 -14 24 0 27.78488798 120.2564372 0 0.744216026 1.573793363 0.3677254521 2.556700941
19 7 -13 24 0 27.29468813 118.4429286 0 0.784258595 1.64940134 0.3821685414 2.612280931
19 8 -12 24 0 26.83281573 116.5650512 0 0.8262162534 1.724591346 0.3983243895 2.672015724
19 9 -11 24 0 26.40075756 114.6235648 0 0.8656111935 1.79179106 0.4185087885 2.743329824
19 10 -10 24 0 26 112.6198649 0 0.8996600401 1.84745185 0.4403971832 2.816877147
19 11 -9 24 0 25.63201124 110.5560452 0 0.926243125 1.889462834 0.46611272 2.898750789
19 12 -8 24 0 25.29822128 108.4349488 0 0.9455500417 1.919225718 0.4979886972 2.994184903
19 13 -7 24 0 25 106.2602047 0 0.9581561648 1.938332717 0.5259092699 3.072885832
19 14 -6 24 0 24.73863375 104.0362435 0 0.9645202357 1.947883412 0.5401830681 3.111520325
19 15 -5 24 0 24.51530134 101.7682889 0 0.9638899895 1.946940404 0.5354344262 3.098781806
19 16 -4 24 0 24.33105012 99.46232221 0 0.9545293259 1.932861427 0.5166698508 3.047314606
19 17 -3 24 0 24.18677324 97.12501635 0 0.9322329594 1.898762426 0.4887760841 2.967245601
19 18 -2 24 0 24.08318916 94.76364169 0 0.8927050961 1.836255567 0.4574173356 2.871582948
19 19 -1 24 0 24.0208243 92.38594403 0 0.8358351448 1.741290327 0.4213296672 2.753021409
19 20 0 24 0 24 90 0 0.7698420705 1.622634419 0.3836869611 2.618001644
19 21 1 24 0 24.0208243 87.61405597 0 0.7078428239 1.501500951 0.3488659467 2.480744686
19 22 2 24 0 24.08318916 85.23635831 0 0.6575762234 1.39523004 0.3205830551 2.358770077
19 23 3 24 0 24.18677324 82.87498365 0 0.6118135775 1.291164029 0.2949509802 2.238547109
19 24 4 24 0 24.33105012 80.53767779 0 0.5687623398 1.185897846 0.2719373417 2.121346177
19 25 5 24 0 24.51530134 78.23171107 0 0.5303495387 1.085015419 0.2524139398 2.013863492
19 26 6 24 0 24.73863375 75.96375653 0 0.4975844307 0.9930132497 0.2360331626 1.917061477
19 27 7 24 0 25 73.73979529 0 0.4700634645 0.9109274572 0.2223248016 1.830740803
19 28 8 24 0 25.29822128 71.56505118 0 0.4472178795 0.8390497725 0.210847187 1.754269679
19 29 9 24 0 25.63201124 69.44395478 0 0.427914827 0.7753955733 0.2009519249 1.684922302
19 30 10 24 0 26 67.38013505 0 0.4115564615 0.7191622731 0.1923708092 1.621961803
19 31 11 24 0 26.40075756 65.37643521 0 0.3974694712 0.6689159595 0.1848423712 1.564367407
19 32 12 24 0 26.83281573 63.43494882 0 0.3851610084 0.6235335652 0.1781376303 1.511064213
19 33 13 24 0 27.29468813 61.55707138 0 0.374251775 0.582081064 0.172236162 1.462459982
19 34 14 24 0 27.78488798 59.74356284 0 0.3643767588 0.543502847 0.1670046516 1.417960192
19 35 15 24 0 28.3019434 57.99461679 0 0.3555284196 0.5080367932 0.1623208397 1.376920139
19 36 16 24 0 28.8444102 56.30993247 0 0.3478036766 0.4763450883 0.1582347392 1.340138272
19 37 17 24 0 29.41088234 54.68878656 0 0.3418876418 0.4515941799 0.1549934824 1.310279456
19 38 18 24 0 30 53.13010235 0 0.3411212506 0.4483565373 0.1542814854 1.303636846
19 39 19 24 0 30.61045573 51.63251462 0 0.3473904943 0.4746301832 0.1589122042 1.34630183
19 40 20 24 0 31.2409987 50.19442891 0 0.3543140616 0.5031006276 0.1639388315 1.391229525
20 0 -20 25 0 32.01562119 128.6598083 0 0.6080618049 1.282289875 0.2931882877 2.229899377
20 1 -19 25 0 31.40063694 127.234834 0 0.6246238269 1.321059509 0.3032721723 2.27868503
20 2 -18 25 0 30.8058436 125.7538873 0 0.6433877688 1.363760415 0.314220939 2.329851227
20 3 -17 25 0 30.23243292 124.2157021 0 0.6652112339 1.411884438 0.3255472273 2.380938756
20 4 -16 25 0 29.68164416 122.6192431 0 0.6911674079 1.467107094 0.3376511697 2.43360546
20 5 -15 25 0 29.15475947 120.9637565 0 0.7219799711 1.53003072 0.3503538818 2.486884786
20 6 -14 25 0 28.65309756 119.2488263 0 0.7579512775 1.600177017 0.3637236572 2.540914669
20 7 -13 25 0 28.17800561 117.4744316 0 0.797258983 1.673120353 0.377903225 2.596088736
20 8 -12 25 0 27.73084925 115.6410058 0 0.8364259231 1.742309681 0.3948384972 2.659334566
20 9 -11 25 0 27.31300057 113.7494945 0 0.8719578333 1.802330275 0.4145284471 2.729543015
20 10 -10 25 0 26.92582404 111.8014095 0 0.9020191234 1.851229925 0.4360796201 2.802663474
20 11 -9 25 0 26.57066051 109.7988764 0 0.9255231732 1.888341018 0.4626181709 2.887893839
20 12 -8 25 0 26.2488095 107.7446716 0 0.9424791404 1.914532593 0.4919612316 2.976616535
20 13 -7 25 0 25.96150997 105.6422465 0 0.9534417278 1.931216672 0.5144776402 3.041180282
20 14 -6 25 0 25.70992026 103.4957333 0 0.9580747959 1.938210195 0.5224605344 3.063393968
20 15 -5 25 0 25.49509757 101.3099325 0 0.9556693518 1.934583457 0.5141274906 3.040198061
20 16 -4 25 0 25.3179778 99.09027692 0 0.9442186314 1.917192856 0.4948658167 2.985109295
20 17 -3 25 0 25.17935662 96.84277341 0 0.920156694 1.879951465 0.4690141463 2.907703343
20 18 -2 25 0 25.07987241 94.57392126 0 0.8805182397 1.816424795 0.4393869254 2.813563846
20 19 -1 25 0 25.01999201 92.29061004 0 0.8261910017 1.724547253 0.405875315 2.699108504
20 20 0 25 0 25 90 0 0.7643629555 1.612329765 0.3717316164 2.572333302
20 21 1 25 0 25.01999201 87.70938996 0 0.7057287673 1.497185724 0.3396520686 2.442129546
20 22 2 25 0 25.07987241 85.42607874 0 0.6568370108 1.393607326 0.3134411487 2.326266495
20 23 3 25 0 25.17935662 83.15722659 0 0.6128956265 1.293713315 0.2896593724 2.212429252
20 24 4 25 0 25.3179778 80.90972308 0 0.5715872842 1.193045727 0.2678955016 2.099742262
20 25 5 25 0 25.49509757 78.69006753 0 0.5342579324 1.095608329 0.2492109607 1.995439427
20 26 6 25 0 25.70992026 76.50426672 0 0.5018437011 1.005310013 0.2333442427 1.900531777
20 27 7 25 0 25.96150997 74.35775354 0 0.4743740895 0.9240971164 0.2200064953 1.815618022
20 28 8 25 0 26.2488095 72.25532837 0 0.4511754735 0.851760548 0.208827244 1.740381846
20 29 9 25 0 26.57066051 70.20112365 0 0.4314943395 0.7874135388 0.1991770315 1.672123195
20 30 10 25 0 26.92582404 68.19859051 0 0.414809995 0.7305225618 0.1907503776 1.609757818
20 31 11 25 0 27.31300057 66.25050551 0 0.4003606928 0.6793722432 0.1832660065 1.552011114
20 32 12 25 0 27.73084925 64.35899418 0 0.387710468 0.6330515929 0.1767208081 1.499543826
20 33 13 25 0 28.17800561 62.52556837 0 0.3765218986 0.5908056798 0.1708085992 1.450452513
20 34 14 25 0 28.65309756 60.75117366 0 0.3664818776 0.5518137646 0.1656338132 1.406069126
20 35 15 25 0 29.15475947 59.03624347 0 0.3574721682 0.5159028273 0.1610070191 1.365195489
20 36 16 25 0 29.68164416 57.38075693 0 0.349335188 0.4826838755 0.156804443 1.327038344
20 37 17 25 0 30.23243292 55.78429787 0 0.3424455031 0.4539463206 0.1532378824 1.293844899
20 38 18 25 0 30.8058436 54.24611275 0 0.3378586448 0.434491675 0.1505964992 1.268760138
20 39 19 25 0 31.40063694 52.76516602 0 0.3392923517 0.4406008143 0.151488069 1.277276079
20 40 20 25 0 32.01562119 51.34019175 0 0.3455656119 0.4670315636 0.156066645 1.320234138
21 0 -20 26 0 32.80243893 127.568592 0 0.6142164159 1.296818976 0.291606209 2.222093344
21 1 -19 26 0 32.20248438 126.1581854 0 0.6317873747 1.337511012 0.3015256217 2.270352503
21 2 -18 26 0 31.6227766 124.6951535 0 0.6517970023 1.382494622 0.3119744546 2.319499807
21 3 -17 26 0 31.06444913 123.1785117 0 0.6750822566 1.433135206 0.322916676 2.369233851
21 4 -16 26 0 30.52867504 121.6075022 0 0.7024793596 1.490527741 0.3345744497 2.420399181
21 5 -15 26 0 30.01666204 119.9816394 0 0.7344395627 1.554715681 0.3466780967 2.471668595
21 6 -14 26 0 29.52964612 118.3007558 0 0.7703527485 1.62359112 0.3597068738 2.524893634
21 7 -13 26 0 29.06888371 116.5650512 0 0.8079014249 1.69225118 0.3738198357 2.580415029
21 8 -12 26 0 28.63564213 114.7751406 0 0.8439782897 1.755277793 0.3911154301 2.645666359
21 9 -11 26 0 28.23118843 112.9321004 0 0.8759887046 1.808984172 0.4101743928 2.714309332
21 10 -10 26 0 27.85677655 111.037511 0 0.902724165 1.852357132 0.4323759459 2.79035817
21 11 -9 26 0 27.51363298 109.093492 0 0.9235669149 1.885288397 0.4587992663 2.875934989
21 12 -8 26 0 27.20294102 107.102729 0 0.9385551412 1.908513413 0.484415229 2.954316126
21 13 -7 26 0 26.92582404 105.0684882 0 0.9477866537 1.922634251 0.5012301796 3.003545189
21 14 -6 26 0 26.68332813 102.9946168 0 0.950720675 1.92709344 0.5043119959 3.012388448
21 15 -5 26 0 26.47640459 100.8855271 0 0.9465401331 1.920735582 0.4943176003 2.98351018
21 16 -4 26 0 26.30589288 98.74616226 0 0.9332038484 1.900264162 0.4744952654 2.924465597
21 17 -3 26 0 26.17250466 96.58194466 0 0.9078367968 1.860504871 0.4504719864 2.849509297
21 18 -2 26 0 26.07680962 94.39870535 0 0.8684898286 1.796580858 0.4227056935 2.75772545
21 19 -1 26 0 26.01922366 92.20259816 0 0.8167137188 1.707902367 0.3918155534 2.648246573
21 20 0 26 0 26 90 0 0.7586746391 1.601553217 0.3602890579 2.527226742
21 21 1 26 0 26.01922366 87.79740184 0 0.703211988 1.49203157 0.3308579659 2.40428392
21 22 2 26 0 26.07680962 85.60129465 0 0.6557950123 1.391316834 0.3064243583 2.29360289
21 23 3 26 0 26.17250466 83.41805534 0 0.6134837001 1.295096918 0.2843293212 2.185634788
21 24 4 26 0 26.30589288 81.25383774 0 0.5738636296 1.198779847 0.2638215735 2.077634448
21 25 5 26 0 26.47640459 79.11447295 0 0.5376614364 1.104769903 0.2459369442 1.976360375
21 26 6 26 0 26.68332813 77.00538321 0 0.505756752 1.01651558 0.2307265954 1.884256216
21 27 7 26 0 26.92582404 74.93151184 0 0.4783529994 0.9361475496 0.2178245452 1.801238436
21 28 8 26 0 27.20294102 72.89727103 0 0.455104452 0.8642696045 0.2067934382 1.726262313
21 29 9 26 0 27.51363298 70.906508 0 0.4351469773 0.7995746797 0.1973283013 1.658669791
21 30 10 26 0 27.85677655 68.96248897 0 0.4181108607 0.7419574239 0.1890678082 1.596975647
21 31 11 26 0 28.23118843 67.06789956 0 0.4033080453 0.6899540903 0.1817873171 1.540323454
21 32 12 26 0 28.63564213 65.22485943 0 0.3903915609 0.6429937715 0.175309494 1.487976033
21 33 13 26 0 29.06888371 63.43494882 0 0.3789716619 0.6001618782 0.169495274 1.439316953
21 34 14 26 0 29.52964612 61.69924423 0 0.3687032996 0.5605322325 0.1643755764 1.395067858
21 35 15 26 0 30.01666204 60.01836063 0 0.3594164878 0.5237284975 0.1596952266 1.353393095
21 36 16 26 0 30.52867504 58.39249775 0 0.3510602099 0.4897903915 0.1555455599 1.315409118
21 37 17 26 0 31.06444913 56.82148834 0 0.3437126749 0.4592749592 0.1519055188 1.28124619
21 38 18 26 0 31.6227766 55.30484647 0 0.3377509175 0.4340315939 0.1488668708 1.252094634
21 39 19 26 0 32.20248438 53.84181456 0 0.3346147566 0.420572975 0.1468834277 1.232743536
21 40 20 26 0 32.80243893 52.43140797 0 0.3377909764 0.4342026943 0.1490425247 1.253795923
22 0 -20 27 0 33.60059523 126.5288554 0 0.6210175618 1.312705972 0.2898367429 2.213312403
22 1 -19 27 0 33.01514804 125.1341931 0 0.6393565676 1.354692648 0.2994106691 2.260197536
22 2 -18 27 0 32.44996148 123.6900675 0 0.660488732 1.401605854 0.3094164331 2.307621726
22 3 -17 27 0 31.90611227 122.1957339 0 0.6850032427 1.454182723 0.3200063875 2.356172607
22 4 -16 27 0 31.38470965 120.650668 0 0.7134961683 1.512977587 0.3311470668 2.405543984
22 5 -15 27 0 30.88689042 119.0546041 0 0.745892223 1.57703909 0.3428991144 2.455856083
22 6 -14 27 0 30.41381265 117.4075754 0 0.7808967908 1.643203789 0.3555408498 2.508087233
22 7 -13 27 0 29.96664813 115.7099538 0 0.816251071 1.707084885 0.3701266381 2.566090876
22 8 -12 27 0 29.54657341 113.962489 0 0.8492230618 1.764215455 0.3871885337 2.631108134
22 9 -11 27 0 29.15475947 112.1663458 0 0.8780947423 1.812448513 0.406158386 2.700114337
22 10 -10 27 0 28.7923601 110.3231368 0 0.9020336964 1.851253233 0.4289387175 2.77884345
22 11 -9 27 0 28.46049894 108.4349488 0 0.9205472787 1.880563724 0.4539490846 2.860602397
22 12 -8 27 0 28.16025568 106.5043614 0 0.9337200147 1.901061913 0.4750205145 2.926061725
22 13 -7 27 0 27.89265136 104.5344551 0 0.9412298967 1.912619051 0.4869606183 2.961877008
22 14 -6 27 0 27.65863337 102.5288077 0 0.9424800405 1.914533971 0.4865583418 2.96068471
22 15 -5 27 0 27.45906044 100.491477 0 0.9366139521 1.905526434 0.4753797956 2.927152493
22 16 -4 27 0 27.29468813 98.42696902 0 0.9216611167 1.882308292 0.4559973231 2.86709726
22 17 -3 27 0 27.16615541 96.34019175 0 0.8954037419 1.840610252 0.4331798459 2.793038027
22 18 -2 27 0 27.07397274 94.2363948 0 0.8566717577 1.776814432 0.4072017579 2.703815695
22 19 -1 27 0 27.01851217 92.1210964 0 0.8073834413 1.691325904 0.3789032214 2.599901311
22 20 0 27 0 27 90 0 0.7528067567 1.590351482 0.3495050821 2.483385339
22 21 1 27 0 27.01851217 87.8789036 0 0.7003278546 1.486102375 0.3224719795 2.367245711
22 22 2 27 0 27.07397274 85.7636052 0 0.6544400012 1.388332838 0.2994380272 2.260329353
22 23 3 27 0 27.16615541 83.65980825 0 0.6136367353 1.295456757 0.2789739785 2.158202465
22 24 4 27 0 27.29468813 81.57303098 0 0.5755699249 1.203063114 0.2598539046 2.055772642
22 25 5 27 0 27.45906044 79.50852299 0 0.5405388757 1.112470286 0.2427312254 1.957431616
22 26 6 27 0 27.65863337 77.47119229 0 0.5092983092 1.026582833 0.2281211211 1.867871933
22 27 7 27 0 27.89265136 75.46554492 0 0.4821064957 0.9474237731 0.2155739972 1.786255074
22 28 8 27 0 28.16025568 73.49563862 0 0.4587419708 0.8757548125 0.2048322265 1.712514619
22 29 9 27 0 28.46049894 71.56505118 0 0.43865268 0.811150988 0.1955397607 1.645533897
22 30 10 27 0 28.7923601 69.67686317 0 0.4213751324 0.7531770805 0.1874577196 1.584637143
22 31 11 27 0 29.15475947 67.83365418 0 0.4063030667 0.7006281589 0.1803160594 1.528599798
22 32 12 27 0 29.54657341 66.03751103 0 0.3931796676 0.6532606232 0.1739559428 1.476793871
22 33 13 27 0 29.96664813 64.29004622 0 0.3814774123 0.6096695409 0.1682560202 1.42873003
22 34 14 27 0 30.41381265 62.59242456 0 0.3710019719 0.56949876 0.16315853 1.384346319
22 35 15 27 0 30.88689042 60.9453959 0 0.3615791634 0.5323834474 0.1585574491 1.343077563
22 36 16 27 0 31.38470965 59.34933204 0 0.3530121932 0.4977899207 0.1544231019 1.304960503
22 37 17 27 0 31.90611227 57.80426607 0 0.3453299159 0.4660472251 0.1507183934 1.269927397
22 38 18 27 0 32.44996148 56.30993247 0 0.3386923244 0.4380471975 0.1475416982 1.239194652
22 39 19 27 0 33.01514804 54.86580694 0 0.3338042587 0.4170742661 0.1449838583 1.213964193
22 40 20 27 0 33.60059523 53.47114463 0 0.3322811689 0.4104764397 0.1438332877 1.202469506
23 0 -20 28 0 34.40930107 125.5376778 0 0.6278797488 1.328560187 0.2878203046 2.203240277
23 1 -19 28 0 33.83784863 124.1596945 0 0.647125589 1.372117631 0.2970004427 2.248536987
23 2 -18 28 0 33.28663395 122.7352263 0 0.6692193162 1.420550993 0.306652952 2.294678744
23 3 -17 28 0 32.75667871 121.2637317 0 0.6947953283 1.474659959 0.3168344762 2.341801235
23 4 -16 28 0 32.24903099 119.7448813 0 0.723890323 1.533843036 0.3275465786 2.389771984
23 5 -15 28 0 31.76476035 118.1785901 0 0.7559970983 1.596452602 0.3390524165 2.439580232
23 6 -14 28 0 31.30495168 116.5650512 0 0.7895643934 1.659128836 0.3515860111 2.491949575
23 7 -13 28 0 30.87069808 114.9047688 0 0.8224705296 1.718035891 0.3665227616 2.5519747
23 8 -12 28 0 30.46309242 113.1985905 0 0.8525856308 1.769916646 0.3834855377 2.617244076
23 9 -11 28 0 30.08321791 111.4477363 0 0.8786866979 1.813420759 0.4028933078 2.688469747
23 10 -10 28 0 29.73213749 109.6538241 0 0.9001561388 1.848247174 0.4251613736 2.766082438
23 11 -9 28 0 29.41088234 107.8188889 0 0.9166552947 1.87445122 0.4474216588 2.839707001
23 12 -8 28 0 29.12043956 105.9453959 0 0.9280492975 1.892273348 0.4644423605 2.893571468
23 13 -7 28 0 28.86173938 104.0362435 0 0.9338433957 1.901252537 0.4723641042 2.917971241
23 14 -6 28 0 28.63564213 102.0947571 0 0.9334860877 1.900700426 0.4697422539 2.909941277
23 15 -5 28 0 28.44292531 100.1246717 0 0.9260379204 1.889143177 0.4574490867 2.871683088
23 16 -4 28 0 28.28427125 98.13010235 0 0.9097490369 1.863540524 0.4387936921 2.811614691
23 17 -3 28 0 28.16025568 96.11550357 0 0.8829597125 1.820419517 0.4170910448 2.738434242
23 18 -2 28 0 28.0713377 94.08561678 0 0.8450606125 1.757126728 0.3928126043 2.651913128
23 19 -1 28 0 28.01785145 92.04540849 0 0.7981756726 1.674778213 0.3666585322 2.552509016
23 20 0 28 0 28 90 0 0.7468207033 1.578833827 0.339512917 2.441538369
23 21 1 28 0 28.01785145 87.95459151 0 0.6971142626 1.47946705 0.3142531943 2.329999315
23 22 2 28 0 28.0713377 85.91438322 0 0.6528164966 1.38474942 0.2927668179 2.227823953
23 23 3 28 0 28.16025568 83.88449643 0 0.6134380801 1.294989632 0.2736788624 2.130555917
23 24 4 28 0 28.28427125 81.86989765 0 0.5768577103 1.206287408 0.2557742624 2.032943004
23 25 5 28 0 28.44292531 79.87532834 0 0.5429146162 1.118797229 0.2396801254 1.939182189
23 26 6 28 0 28.63564213 77.90524292 0 0.512440862 1.035457426 0.2255536851 1.851542762
23 27 7 28 0 28.86173938 75.96375653 0 0.485573374 0.9577612199 0.2132937704 1.770913735
23 28 8 28 0 29.12043956 74.0546041 0 0.4622128619 0.886629311 0.2027760192 1.697958951
23 29 9 28 0 29.41088234 72.18111109 0 0.4420076259 0.8221431656 0.1937276757 1.632101976
23 30 10 28 0 29.73213749 70.34617594 0 0.4245689322 0.764070711 0.1858522653 1.572228178
23 31 11 28 0 30.08321791 68.55226367 0 0.4093156427 0.7112857081 0.1788371564 1.516718416
23 32 12 28 0 30.46309242 66.80140949 0 0.3959488922 0.6633861289 0.1725933704 1.465448954
23 33 13 28 0 30.87069808 65.09523119 0 0.3840233965 0.6192661143 0.1669971078 1.417895022
23 34 14 28 0 31.30495168 63.43494882 0 0.3733701063 0.5786783288 0.1619704331 1.373802385
23 35 15 28 0 31.76476035 61.82140989 0 0.3637659308 0.5410823362 0.1574411057 1.332884163
23 36 16 28 0 32.24903099 60.2551187 0 0.3550377066 0.5060441586 0.1533106656 1.294529972
23 37 17 28 0 32.75667871 58.73626831 0 0.3471532762 0.4736446917 0.1496576066 1.259737513
23 38 18 28 0 33.28663395 57.26477373 0 0.3401805593 0.4443726012 0.1463948042 1.227936256
23 39 19 28 0 33.83784863 55.84030545 0 0.3343947424 0.4196240695 0.1435854828 1.199981798
23 40 20 28 0 34.40930107 54.46232221 0 0.3304987163 0.4027165733 0.1414625377 1.178491952
24 0 -20 29 0 35.22782991 124.5922887 0 0.6347921811 1.344356263 0.2855815349 2.191974606
24 1 -19 29 0 34.66987165 123.2317111 0 0.6549190144 1.389388423 0.2943876329 2.235788971
24 2 -18 29 0 34.13209633 121.8274466 0 0.6779880036 1.439331651 0.3038051821 2.281218384
24 3 -17 29 0 33.61547263 120.379126 0 0.7041719826 1.493999732 0.3136497556 2.327226343
24 4 -16 29 0 33.12099032 118.8865818 0 0.7333770349 1.552626995 0.3240796514 2.374420344
24 5 -15 29 0 32.64965543 117.3498758 0 0.7646403574 1.612853252 0.3353703964 2.423827251
24 6 -14 29 0 32.20248438 115.7693276 0 0.7963823016 1.671533065 0.3482644111 2.478254958
24 7 -13 29 0 31.78049716 114.145542 0 0.8268740381 1.725739478 0.3632003829 2.538837629
24 8 -12 29 0 31.38470965 112.4794344 0 0.8543463505 1.77289296 0.3800268269 2.60417317
24 9 -11 29 0 31.01612484 110.7722547 0 0.8779964306 1.81228698 0.3994591358 2.67611983
24 10 -10 29 0 30.6757233 109.025606 0 0.8972460652 1.843575596 0.4206514102 2.750697086
24 11 -9 29 0 30.3644529 107.2414594 0 0.9118854261 1.866924473 0.4397303791 2.814691111
24 12 -8 29 0 30.08321791 105.4221613 0 0.9215205079 1.882088178 0.453218703 2.858279303
24 13 -7 29 0 29.83286778 103.5704344 0 0.9256764088 1.88857986 0.4580979198 2.873727917
24 14 -6 29 0 29.61418579 101.6893692 0 0.9238124924 1.885671961 0.4535572102 2.859356444
24 15 -5 29 0 29.42787794 99.78240703 0 0.9149541601 1.87177137 0.4405235455 2.817291037
24 16 -4 29 0 29.27456234 97.8533133 0 0.89760165 1.844147233 0.4227881397 2.758006811
24 17 -3 29 0 29.15475947 95.90614111 0 0.8705829267 1.800053632 0.4021344759 2.685749932
24 18 -2 29 0 29.06888371 93.94518623 0 0.8336742518 1.737555683 0.3794373207 2.601933491
24 19 -1 29 0 29.01723626 91.97493401 0 0.7890853147 1.658253196 0.3551633177 2.506554489
24 20 0 29 0 29 90 0 0.7406983807 1.566958088 0.3301981706 2.401404032
24 21 1 29 0 29.01723626 88.02506599 0 0.6936048931 1.472185981 0.3066351381 2.294594934
24 22 2 29 0 29.06888371 86.05481377 0 0.6509245357 1.380562201 0.2864531679 2.196371198
24 23 3 29 0 29.15475947 84.09385889 0 0.612903761 1.293732463 0.2684024787 2.1024699
24 24 4 29 0 29.27456234 82.1466867 0 0.5776642603 1.208303144 0.2517156596 2.009866876
24 25 5 29 0 29.42787794 80.21759297 0 0.5449097227 1.124089138 0.2364629975 1.919686349
24 26 6 29 0 29.61418579 78.31063082 0 0.5151682847 1.043115685 0.2229531565 1.83481253
24 27 7 29 0 29.83286778 76.42956561 0 0.4887051836 0.9670363122 0.2110805269 1.755865395
24 28 8 29 0 30.08321791 74.57783868 0 0.4655460496 0.8969957843 0.2007789555 1.683679967
24 29 9 29 0 30.3644529 72.7585406 0 0.4452829358 0.8327942307 0.1919907197 1.619108482
24 30 10 29 0 30.6757233 70.97439396 0 0.4277231748 0.7747492823 0.1842293531 1.559574849
24 31 11 29 0 31.01612484 69.22774532 0 0.4122959251 0.7217521077 0.1773491706 1.504664488
24 32 12 29 0 31.38470965 67.5205656 0 0.3987156685 0.6734322059 0.1712282079 1.453992294
24 33 13 29 0 31.78049716 65.85445804 0 0.3866046743 0.6289309857 0.1657449135 1.407036501
24 34 14 29 0 32.20248438 64.23067238 0 0.3758007001 0.5880396594 0.1608166382 1.363488581
24 35 15 29 0 32.64965543 62.65012422 0 0.366065997 0.5501756764 0.1563206804 1.322580557
24 36 16 29 0 33.12099032 61.11341823 0 0.3572047554 0.514823192 0.152268506 1.284689482
24 37 17 29 0 33.61547263 59.62087399 0 0.3491458091 0.4819015607 0.1486013603 1.249519228
24 38 18 29 0 34.13209633 58.17255342 0 0.3418996429 0.4516448212 0.1453036198 1.217142548
24 39 19 29 0 34.66987165 56.76828893 0 0.3355722784 0.4246954448 0.1424313831 1.188338967
24 40 20 29 0 35.22782991 55.40771131 0 0.3305591369 0.4029802977 0.1400349175 1.163858511
25 0 -20 30 0 36.05551275 123.6900675 0 0.6418661171 1.360344311 0.2832310429 2.180051303
25 1 -19 30 0 35.51056181 122.3474435 0 0.6627920771 1.406628262 0.2918595499 2.22334618
25 2 -18 30 0 34.98571137 120.9637565 0 0.6864547695 1.457236569 0.3010205098 2.267933692
25 3 -17 30 0 34.4818793 119.5387823 0 0.7130054192 1.511984947 0.3105650427 2.312967354
25 4 -16 30 0 34 118.0724869 0 0.7417925032 1.569087593 0.3208726278 2.36007263
25 5 -15 30 0 33.54101966 116.5650512 0 0.7717715838 1.626245831 0.332074504 2.409578865
25 6 -14 30 0 33.10589071 115.0168935 0 0.8015532953 1.680870354 0.3452264856 2.465615057
25 7 -13 30 0 32.69556545 113.4286928 0 0.8296895949 1.730643599 0.3598785126 2.52558187
25 8 -12 30 0 32.31098884 111.8014095 0 0.8547983551 1.773656037 0.3768508522 2.59206556
25 9 -11 30 0 31.95309062 110.1363034 0 0.8761939354 1.809322134 0.3958650942 2.663080767
25 10 -10 30 0 31.6227766 108.4349488 0 0.8934681202 1.837488159 0.4153098753 2.732260082
25 11 -9 30 0 31.32091953 106.6992442 0 0.906284848 1.85803647 0.4315528252 2.787609072
25 12 -8 30 0 31.04834939 104.9314172 0 0.9142295225 1.870628313 0.4418479842 2.821622007
25 13 -7 30 0 30.8058436 103.1340223 0 0.9168579646 1.874770161 0.4440915615 2.828929063
25 14 -6 30 0 30.59411708 101.3099325 0 0.913577779 1.869599465 0.4378253261 2.808427315
25 15 -5 30 0 30.41381265 99.46232221 0 0.9034918475 1.853583488 0.4250579153 2.765731331
25 16 -4 30 0 30.2654919 97.59464337 0 0.8853343567 1.824294314 0.4077696609 2.705826344
25 17 -3 30 0 30.14962686 95.71059314 0 0.8583331099 1.779609556 0.3881834012 2.634810334
25 18 -2 30 0 30.06659276 93.81407483 0 0.8225590149 1.718191095 0.3669163969 2.553523283
25 19 -1 30 0 30.01666204 91.90915243 0 0.7801464509 1.641816881 0.34433963 2.461904135
25 20 0 30 0 30 90 0 0.7344643294 1.55476433 0.3212936004 2.36196415
25 21 1 30 0 30.01666204 88.09084757 0 0.6898274868 1.464307521 0.2994852999 2.260557096
25 22 2 30 0 30.06659276 86.18592517 0 0.6487872769 1.375817433 0.2803709443 2.165408751
25 23 3 30 0 30.14962686 84.28940686 0 0.6120869368 1.291808484 0.2633283169 2.074934575
25 24 4 30 0 30.2654919 82.40535663 0 0.5780756995 1.209330332 0.2477197162 1.986780603
25 25 5 30 0 30.41381265 80.53767779 0 0.5464782072 1.128235869 0.2332791204 1.90012909
25 26 6 30 0 30.59411708 78.69006753 0 0.5175123254 1.049665128 0.2203285204 1.817728162
25 27 7 30 0 30.8058436 76.86597769 0 0.4915200825 0.9753222685 0.2089067166 1.740930783
25 28 8 30 0 31.04834939 75.06858282 0 0.4685992768 0.9064266326 0.1990466611 1.671178576
25 29 9 30 0 31.32091953 73.30075577 0 0.4484472745 0.8430102776 0.1903515961 1.606738572
25 30 10 30 0 31.6227766 71.56505118 0 0.4307783516 0.7850176553 0.1826806694 1.547395887
25 31 11 30 0 31.95309062 69.86369657 0 0.4152033946 0.7318901438 0.1759280072 1.493057079
25 32 12 30 0 32.31098884 68.19859051 0 0.4014622055 0.6833360809 0.1698991103 1.442750203
25 33 13 30 0 32.69556545 66.57130719 0 0.3891792081 0.6385065412 0.1645285936 1.396410239
25 34 14 30 0 33.10589071 64.98310652 0 0.3782561246 0.5974353475 0.1596860382 1.353310085
25 35 15 30 0 33.54101966 63.43494882 0 0.3683570625 0.5591768087 0.1552791359 1.3129359
25 36 16 30 0 34 61.92751306 0 0.3593515488 0.5234678093 0.1512763826 1.275258675
25 37 17 30 0 34.4818793 60.46121774 0 0.351160219 0.4902013245 0.1476317036 1.240074475
25 38 18 30 0 34.98571137 59.03624347 0 0.3437093991 0.4592612096 0.1443198312 1.207341461
25 39 19 30 0 35.51056181 57.6525565 0 0.3370706411 0.4311228788 0.1413518541 1.177362712
25 40 20 30 0 36.05551275 56.30993247 0 0.3314585652 0.4069004388 0.1388079396 1.151161995
26 0 -20 31 0 36.89173349 122.8285418 0 0.6490190937 1.376332827 0.2808737872 2.167993895
26 1 -19 31 0 36.35931793 121.5042667 0 0.6705793386 1.423479938 0.2892905713 2.210591208
26 2 -18 31 0 35.84689666 120.1413856 0 0.6947406852 1.474546492 0.2981495046 2.254107845
26 3 -17 31 0 35.35533906 118.7397953 0 0.7211579255 1.528387133 0.3074688468 2.298512147
26 4 -16 31 0 34.88552709 117.2995722 0 0.7490669139 1.583166505 0.317665052 2.345578286
26 5 -15 31 0 34.43835072 115.820992 0 0.7774380451 1.636799615 0.3291400266 2.396773388
26 6 -14 31 0 34.0147027 114.3045493 0 0.8052677885 1.68754053 0.3422663111 2.453191201
26 7 -13 31 0 33.61547263 112.7509763 0 0.8311811287 1.733234805 0.357173444 2.514696724
26 8 -12 31 0 33.24154028 111.1612598 0 0.8540828098 1.772447862 0.3739078223 2.580754558
26 9 -11 31 0 32.89376841 109.5366549 0 0.8734126531 1.804735337 0.3919811925 2.64885634
26 10 -10 31 0 32.57299495 107.8786966 0 0.8888349277 1.829987415 0.409303308 2.711242232
26 11 -9 31 0 32.28002478 106.1892063 0 0.8999413232 1.847902845 0.4227846382 2.757994863
26 12 -8 31 0 32.01562119 104.4702941 0 0.9063015411 1.858063043 0.430278111 2.783341355
26 13 -7 31 0 31.78049716 102.7243557 0 0.9074943483 1.859960564 0.4302340101 2.78319348
26 14 -6 31 0 31.57530681 100.9540626 0 0.9029213233 1.852672188 0.4228030897 2.758057825
26 15 -5 31 0 31.40063694 99.16234705 0 0.8917711086 1.834745365 0.4103883973 2.715061848
26 16 -4 31 0 31.25699922 97.35237936 0 0.8730415071 1.804122151 0.3938571207 2.655744264
26 17 -3 31 0 31.144823 95.52754015 0 0.8462553538 1.759164961 0.3750902672 2.585309734
26 18 -2 31 0 31.06444913 93.69138599 0 0.8116872247 1.698995812 0.3551785553 2.506616384
26 19 -1 31 0 31.01612484 91.84761027 0 0.7713372846 1.625433754 0.3342452439 2.418978937
26 20 0 31 0 31 90 0 0.7281702691 1.542347743 0.3128440853 2.323515733
26 21 1 31 0 31.01612484 88.15238973 0 0.6858245461 1.455911445 0.2926277797 2.227138639
26 22 2 31 0 31.06444913 86.30861401 0 0.6464374234 1.370582626 0.2746705135 2.135773947
26 23 3 31 0 31.144823 84.47245985 0 0.610970188 1.289173891 0.2585553155 2.04854487
26 24 4 31 0 31.25699922 82.64762064 0 0.578184097 1.209600833 0.2437633018 1.963552852
26 25 5 31 0 31.40063694 80.83765295 0 0.5476590841 1.131350005 0.2301230361 1.880477315
26 26 6 31 0 31.57530681 79.04593736 0 0.5195353748 1.05529389 0.2177921099 1.801023595
26 27 7 31 0 31.78049716 77.27564431 0 0.4940455701 0.9827160252 0.2068520335 1.726671045
26 28 8 31 0 32.01562119 75.5297059 0 0.4714033123 0.9150338008 0.197231672 1.657963147
26 29 9 31 0 32.28002478 73.81079374 0 0.4513110021 0.8521938542 0.1887569752 1.594601863
26 30 10 31 0 32.57299495 72.1213034 0 0.4336762275 0.7946902674 0.1812240386 1.535846241
26 31 11 31 0 32.89376841 70.46334506 0 0.4179743958 0.7414864739 0.1745905281 1.482047197
26 32 12 31 0 33.24154028 68.83874018 0 0.4041470216 0.6929521208 0.1686606837 1.432195613
26 33 13 31 0 33.61547263 67.24902366 0 0.3917457467 0.647989516 0.163364814 1.38616919
26 34 14 31 0 34.0147027 65.69545073 0 0.3806931525 0.6067005255 0.1586105983 1.34356108
26 35 15 31 0 34.43835072 64.17900803 0 0.3706700835 0.5682075863 0.1542639367 1.303472738
26 36 16 31 0 34.88552709 62.70042779 0 0.3615276301 0.532177816 0.1502993625 1.265910795
26 37 17 31 0 35.35533906 61.26020471 0 0.3532054392 0.498579465 0.1466973538 1.230914753
26 38 18 31 0 35.84689666 59.85861445 0 0.3456144335 0.4672353734 0.1434015373 1.198132396
26 39 19 31 0 36.35931793 58.49573328 0 0.3388277595 0.4386239817 0.1403905725 1.167517964
26 40 20 31 0 36.89173349 57.17145821 0 0.3328447795 0.4129214457 0.137769552 1.140328983
27 0 -20 32 0 37.73592453 122.0053832 0 0.656079898 1.391943423 0.2783742525 2.155097684
27 1 -19 32 0 37.21558813 120.6997226 0 0.6781251765 1.439623513 0.2866001476 2.197111258
27 2 -18 32 0 36.7151195 119.3577535 0 0.7023677902 1.490298591 0.2952096526 2.2398118
27 3 -17 32 0 36.23534186 117.9794744 0 0.7283848549 1.54277283 0.3044391248 2.284225683
27 4 -16 32 0 35.77708764 116.5650512 0 0.7552382535 1.595003745 0.3146585168 2.331858898
27 5 -15 32 0 35.34119409 115.1148349 0 0.781812732 1.644894985 0.3262844768 2.384202257
27 6 -14 32 0 34.92849839 113.6293777 0 0.8077004337 1.691892219 0.3395432118 2.441667095
27 7 -13 32 0 34.53983208 112.1094483 0 0.831491262 1.733773008 0.3543257653 2.503148282
27 8 -12 32 0 34.17601498 110.5560452 0 0.8523263933 1.769477913 0.370745132 2.568499655
27 9 -11 32 0 33.83784863 108.9704078 0 0.8697797859 1.798722085 0.3875700753 2.632529088
27 10 -10 32 0 33.52610923 107.3540246 0 0.8834037908 1.821144928 0.4025632677 2.687287443
27 11 -9 32 0 33.24154028 105.7086378 0 0.892886376 1.836548502 0.4134736011 2.725867126
27 12 -8 32 0 32.984845 104.0362435 0 0.8977720266 1.84442105 0.4184662321 2.743183115
27 13 -7 32 0 32.75667871 102.3390873 0 0.8976509623 1.844226489 0.4166879323 2.737039224
27 14 -6 32 0 32.55764119 100.6196553 0 0.8919232909 1.834991543 0.408789587 2.709430352
27 15 -5 32 0 32.38826948 98.88065915 0 0.8798972076 1.815406898 0.3964473067 2.66520103
27 16 -4 32 0 32.24903099 97.12501635 0 0.8607984552 1.783747394 0.3807307 2.606842811
27 17 -3 32 0 32.14031736 95.35582504 0 0.834387643 1.738789697 0.3630250717 2.538141094
27 18 -2 32 0 32.06243908 93.57633437 0 0.8010798391 1.68001794 0.344218272 2.461395587
27 19 -1 32 0 32.01562119 91.78991061 0 0.7626651981 1.609121773 0.3248183116 2.377704872
27 20 0 32 0 32 90 0 0.7218245227 1.529720062 0.3047978748 2.285924749
27 21 1 32 0 32.01562119 88.21008939 0 0.681619374 1.447038248 0.2860821138 2.194501206
27 22 2 32 0 32.06243908 86.42366563 0 0.6439082813 1.36492711 0.2691794776 2.106640327
27 23 3 32 0 32.14031736 84.64417496 0 0.6096505639 1.286054469 0.2540184688 2.023005299
27 24 4 32 0 32.24903099 82.87498365 0 0.5779528382 1.209023676 0.2399363978 1.940723933
27 25 5 32 0 32.38826948 81.11934085 0 0.5484664031 1.133475155 0.2269739958 1.860598924
27 26 6 32 0 32.55764119 79.38034472 0 0.5211839077 1.059864445 0.2151880051 1.783669567
27 27 7 32 0 32.75667871 77.66091272 0 0.4962667586 0.9891877269 0.20472871 1.711785337
27 28 8 32 0 32.984845 75.96375653 0 0.4739365954 0.9227659693 0.1953591984 1.644201091
27 29 9 32 0 33.24154028 74.29136217 0 0.4540131712 0.8608060568 0.1871018927 1.581896058
27 30 10 32 0 33.52610923 72.64597536 0 0.4363276754 0.803483889 0.1797626698 1.524165362
27 31 11 32 0 33.83784863 71.02959219 0 0.4206298803 0.7506232438 0.1732368308 1.470817591
27 32 12 32 0 34.17601498 69.44395478 0 0.4067526644 0.7022237014 0.1674428943 1.42174106
27 33 13 32 0 34.53983208 67.89055166 0 0.3942394519 0.6571440606 0.1622407547 1.376208174
27 34 14 32 0 34.92849839 66.37062227 0 0.3830825885 0.6157273602 0.1575284532 1.33368434
27 35 15 32 0 35.34119409 64.88516511 0 0.3729257356 0.576960266 0.1532420337 1.293883982
27 36 16 32 0 35.77708764 63.43494882 0 0.3637006921 0.5408235762 0.1493333849 1.256608635
27 37 17 32 0 36.23534186 62.02052561 0 0.3552931927 0.5070819524 0.145757568 1.221642698
27 38 18 32 0 36.7151195 60.64224646 0 0.3476294468 0.4756221995 0.1424921981 1.188954834
27 39 19 32 0 37.21558813 59.30027745 0 0.3406543601 0.4463805772 0.1394921829 1.158256181
27 40 20 32 0 37.73592453 57.99461679 0 0.3343753299 0.4195403151 0.1367992133 1.130131839
28 0 -20 33 0 38.58756276 121.2184028 0 0.6628468408 1.406747461 0.2758987021 2.142210575
28 1 -19 33 0 38.07886553 119.9315118 0 0.6851146927 1.45441743 0.2839089697 2.183500335
28 2 -18 33 0 37.58989226 118.6104597 0 0.7091852648 1.504234466 0.2923187294 2.225614173
28 3 -17 33 0 37.12142239 117.2553284 0 0.7344785382 1.55479224 0.3014960584 2.270211046
28 4 -16 33 0 36.67424164 115.8663568 0 0.7600951286 1.604251893 0.3118332176 2.318846522
28 5 -15 33 0 36.24913792 114.4439548 0 0.7850398151 1.650837731 0.3236059483 2.372310032
28 6 -14 33 0 35.84689666 112.9887168 0 0.8089492257 1.694121059 0.33681548 2.430030351
28 7 -13 33 0 35.4682957 111.5014343 0 0.8307280634 1.732448197 0.3515935015 2.49198031
28 8 -12 33 0 35.11409973 109.9831065 0 0.8496569313 1.764952342 0.36711914 2.554320238
28 9 -11 33 0 34.78505426 108.4349488 0 0.8653160063 1.791298995 0.3824289137 2.613263508
28 10 -10 33 0 34.4818793 106.8583988 0 0.8773084255 1.811156029 0.3952162043 2.660714005
28 11 -9 33 0 34.20526275 105.2551187 0 0.8852169389 1.824102963 0.4038134947 2.691761029
28 12 -8 33 0 33.95585369 103.6269949 0 0.8887464924 1.829843866 0.4067861312 2.702342399
28 13 -7 33 0 33.73425559 101.9761324 0 0.8874245591 1.827696385 0.4036640116 2.691226875
28 14 -6 33 0 33.54101966 100.3048465 0 0.8806824091 1.816693755 0.3954702358 2.661641022
28 15 -5 33 0 33.37663854 98.61564818 0 0.8679589011 1.795698636 0.3831803688 2.616095556
28 16 -4 33 0 33.24154028 96.91122712 0 0.8486654488 1.763267848 0.3683964898 2.55933122
28 17 -3 33 0 33.13608305 95.19442891 0 0.8227529547 1.718531208 0.3518130368 2.492880849
28 18 -2 33 0 33.06055051 93.46822926 0 0.7907283914 1.661254131 0.334069354 2.418219548
28 19 -1 33 0 33.01514804 91.73570459 0 0.7541566129 1.592936059 0.3158451861 2.337289489
28 20 0 33 0 33 90 0 0.715433208 1.51688899 0.2972276939 2.249640449
28 21 1 33 0 33.01514804 88.26429541 0 0.6772443898 1.437748443 0.2797926844 2.162430146
28 22 2 33 0 33.06055051 86.53177074 0 0.6412179346 1.358886683 0.2639250481 2.078200183
28 23 3 33 0 33.13608305 84.80557109 0 0.6080729177 1.282316241 0.2495859589 1.997608679
28 24 4 33 0 33.24154028 83.08877288 0 0.5774757738 1.207832329 0.2363108884 1.918758011
28 25 5 33 0 33.37663854 81.38435182 0 0.5489357599 1.134709231 0.2238854981 1.840832987
28 26 6 33 0 33.54101966 79.69515353 0 0.5224446193 1.063350021 0.2126391165 1.766478921
28 27 7 33 0 33.73425559 78.02386756 0 0.4981848751 0.9947531271 0.2025491274 1.696343775
28 28 8 33 0 33.95585369 76.37300514 0 0.4762193524 0.9296981546 0.1934688691 1.630173347
28 29 9 33 0 34.20526275 74.7448813 0 0.456483618 0.8686349918 0.1853926234 1.568655746
28 30 10 33 0 34.4818793 73.14160123 0 0.4389519761 0.8121350143 0.1782530688 1.511998819
28 31 11 33 0 34.78505426 71.56505118 0 0.4232584567 0.7596107985 0.1719052759 1.459685728
28 32 12 33 0 35.11409973 70.01689348 0 0.4092709067 0.7111280206 0.1662080211 1.411061912
28 33 13 33 0 35.4682957 68.49856568 0 0.3966451292 0.665920738 0.161084905 1.365893213
28 34 14 33 0 35.84689666 67.0112832 0 0.385420135 0.6245038474 0.1564442799 1.323720815
28 35 15 33 0 36.24913792 65.55604522 0 0.3751845645 0.5856723802 0.1522185562 1.284216147
28 36 16 33 0 36.67424164 64.13364321 0 0.3658498213 0.5493234593 0.1483447049 1.247025337
28 37 17 33 0 37.12142239 62.74467163 0 0.3573816039 0.5155372791 0.1448145357 1.212278325
28 38 18 33 0 37.58989226 61.38954033 0 0.3496117372 0.4838255249 0.1415706357 1.179593961
28 39 19 33 0 38.07886553 60.06848816 0 0.3425278321 0.4542931243 0.1386012329 1.149011996
28 40 20 33 0 38.58756276 58.78159724 0 0.3360946023 0.4269392783 0.1359314343 1.120951025
29 0 -20 34 0 39.44616585 120.4655449 0 0.6692139289 1.420539379 0.2734209548 2.129195719
29 1 -19 34 0 38.94868419 119.197486 0 0.6914265913 1.467647994 0.2812493476 2.169921655
29 2 -18 34 0 38.47076812 117.897271 0 0.7150501399 1.516116313 0.2895767788 2.212017822
29 3 -17 34 0 38.01315562 116.5650512 0 0.7394231636 1.564472144 0.2987641089 2.25707875
29 4 -16 34 0 37.57658846 115.2011236 0 0.763709125 1.611095167 0.3092984059 2.307071303
29 5 -15 34 0 37.16180835 113.8059435 0 0.7870449733 1.654517982 0.3211588084 2.361358771
29 6 -14 34 0 36.76955262 112.3801351 0 0.8090954027 1.69438173 0.3343972288 2.419634797
29 7 -13 34 0 36.40054945 110.9245017 0 0.8289840342 1.729416222 0.3486213209 2.479732709
29 8 -12 34 0 36.05551275 109.4400348 0 0.8461594934 1.759001529 0.3631758037 2.538739992
29 9 -11 34 0 35.73513677 107.9279198 0 0.8601226935 1.782614375 0.3767029105 2.591499085
29 10 -10 34 0 35.44009029 106.3895403 0 0.8705725378 1.800036416 0.3874403697 2.63204619
29 11 -9 34 0 35.17101079 104.82648 0 0.8770755158 1.810772969 0.3939525811 2.656093892
29 12 -8 34 0 34.92849839 103.2405199 0 0.8793107688 1.814445043 0.3952883574 2.660977369
29 13 -7 34 0 34.71310992 101.633634 0 0.8769050314 1.810492513 0.3913704552 2.646606755
29 14 -6 34 0 34.525353 100.0079798 0 0.8692900685 1.797909567 0.3829421975 2.615198549
29 15 -5 34 0 34.36568055 98.36588612 0 0.8560310004 1.775734949 0.3707214946 2.568407671
29 16 -4 34 0 34.23448554 96.70983681 0 0.8366896508 1.742764495 0.3568460449 2.513373688
29 17 -3 34 0 34.13209633 95.04245107 0 0.8113743168 1.698439541 0.3413198744 2.449196327
29 18 -2 34 0 34.05877273 93.36646066 0 0.7806135081 1.642680333 0.3245622268 2.376567011
29 19 -1 34 0 34.0147027 91.68468432 0 0.7457861717 1.576833952 0.3074500704 2.298424042
29 20 0 34 0 34 90 0 0.7090477422 1.503954677 0.2900704301 2.214475139
29 21 1 34 0 34.0147027 88.31531568 0 0.6727253465 1.428089521 0.273709118 2.130715401
29 22 2 34 0 34.05877273 86.63353934 0 0.6383572258 1.35243589 0.25882054 2.050024019
29 23 3 34 0 34.13209633 84.95754893 0 0.6063106845 1.278129151 0.2452199209 1.972148089
29 24 4 34 0 34.23448554 83.29016319 0 0.5767267367 1.205959811 0.2326707496 1.896361757
29 25 5 34 0 34.36568055 81.63411388 0 0.5491138235 1.135177135 0.2209237871 1.821620669
29 26 6 34 0 34.525353 79.9920202 0 0.5234424709 1.066102891 0.2101124989 1.749233891
29 27 7 34 0 34.71310992 78.366366 0 0.4997964141 0.9994124557 0.2003541097 1.680624008
29 28 8 34 0 34.92849839 76.75948008 0 0.4782173339 0.9357383292 0.1915580425 1.615853504
29 29 9 34 0 35.17101079 75.17352003 0 0.4587302138 0.8757178373 0.1837363369 1.555708877
29 30 10 34 0 35.44009029 73.61045967 0 0.441331909 0.8199359655 0.1767400596 1.499700981
29 31 11 34 0 35.73513677 72.07208024 0 0.4257075553 0.7679345999 0.170547382 1.448244514
29 32 12 34 0 36.05551275 70.55996517 0 0.4116816393 0.7196010122 0.1649628559 1.400213119
29 33 13 34 0 36.40054945 69.07549826 0 0.3989990945 0.6744573775 0.1599335098 1.355544154
29 34 14 34 0 36.76955262 67.61986495 0 0.3876969001 0.6330011049 0.15536289 1.313713848
29 35 15 34 0 37.16180835 66.19405648 0 0.3773671627 0.5940407948 0.1512037538 1.274565862
29 36 16 34 0 37.57658846 64.79887635 0 0.3679707183 0.5576628717 0.1473911764 1.237722065
29 37 17 34 0 38.01315562 63.43494882 0 0.3594441109 0.5238393721 0.1438968707 1.203107124
29 38 18 34 0 38.47076812 62.10272897 0 0.3515787736 0.4919198764 0.1406830421 1.170520342
29 39 19 34 0 38.94868419 60.80251395 0 0.3443891193 0.462111468 0.1377606307 1.140235558
29 40 20 34 0 39.44616585 59.53445508 0 0.3378283108 0.4343621397 0.1350779595 1.111864196
30 0 -20 35 0 40.31128874 119.7448813 0 0.6750287079 1.433020764 0.2709268296 2.115975174
30 1 -19 35 0 39.8246155 118.4956386 0 0.6969737901 1.479176309 0.2786104746 2.156321404
30 2 -18 35 0 39.35733731 117.2161116 0 0.7199438603 1.525956318 0.2869302238 2.198771847
30 3 -17 35 0 38.91015292 115.906508 0 0.7432873845 1.571992027 0.2963521047 2.245384209
30 4 -16 35 0 38.48376281 114.5671713 0 0.7661700848 1.615736602 0.3069803704 2.296218312
30 5 -15 35 0 38.07886553 113.1985905 0 0.7879166406 1.65611491 0.3188963829 2.351159639
30 6 -14 35 0 37.69615365 111.8014095 0 0.8082278271 1.692833929 0.3318416695 2.408566963
30 7 -13 35 0 37.33630941 110.3764352 0 0.8264092502 1.724928308 0.3453332203 2.46606103
30 8 -12 35 0 37 108.9246444 0 0.8419004597 1.751721574 0.3587273539 2.520959664
30 9 -11 35 0 36.68787266 107.4471884 0 0.8543045729 1.77282241 0.3704663481 2.567414404
30 10 -10 35 0 36.40054945 105.9453959 0 0.8632827289 1.787905031 0.3793822923 2.601724247
30 11 -9 35 0 36.138622 104.4207731 0 0.8684953911 1.796590098 0.3841748863 2.619835118
30 12 -8 35 0 35.90264614 102.8750016 0 0.8695577408 1.798353734 0.3841982789 2.619922961
30 13 -7 35 0 35.6931366 101.3099325 0 0.8661764697 1.792732886 0.3797226082 2.603017803
30 14 -6 35 0 35.51056181 99.72757855 0 0.8578257504 1.778756529 0.3710704131 2.569764879
30 15 -5 35 0 35.35533906 98.13010235 0 0.8441751447 1.755614257 0.359313289 2.523314199
30 16 -4 35 0 35.22782991 96.51980175 0 0.8249079409 1.72230503 0.3460424998 2.469021141
30 17 -3 35 0 35.12833614 94.89909245 0 0.8002530075 1.678528099 0.3314274804 2.406765134
30 18 -2 35 0 35.05709629 93.27048792 0 0.7707325749 1.624302273 0.3156296192 2.336304502
30 19 -1 35 0 35.0142828 91.63657704 0 0.7375740149 1.560859735 0.2996733728 2.261462806
30 20 0 35 0 35 90 0 0.7026583024 1.490895193 0.283317436 2.180491296
30 21 1 35 0 35.0142828 88.36342296 0 0.6680906091 1.418115685 0.267856704 2.09953331
30 22 2 35 0 35.05709629 86.72951208 0 0.6353020355 1.345514547 0.2537983395 2.021754536
30 23 3 35 0 35.12833614 85.10090755 0 0.6043477956 1.273450949 0.2409787685 1.946977948
30 24 4 35 0 35.22782991 83.48019825 0 0.575738954 1.203486732 0.2291001192 1.874050114
30 25 5 35 0 35.35533906 81.86989765 0 0.5490589791 1.135033035 0.2179999459 1.802399682
30 26 6 35 0 35.51056181 80.27242145 0 0.5241712223 1.068110055 0.2076924969 1.732521004
30 27 7 35 0 35.6931366 78.69006753 0 0.5011076474 1.00319246 0.1982506564 1.665397548
30 28 8 35 0 35.90264614 77.12499844 0 0.4799396003 0.9409247612 0.1897242544 1.60197603
30 29 9 35 0 36.138622 75.57922687 0 0.4607934811 0.8821922122 0.1821187621 1.542951464
30 30 10 35 0 36.40054945 74.0546041 0 0.4435305719 0.8271054558 0.1753571468 1.488368135
30 31 11 35 0 36.68787266 72.55281158 0 0.4279338284 0.7754596345 0.1692425869 1.437164548
30 32 12 35 0 37 71.07535558 0 0.4138578198 0.7272071224 0.1637415913 1.389492727
30 33 13 35 0 37.33630941 69.62356479 0 0.4012846397 0.682697839 0.1588057021 1.34533462
30 34 14 35 0 37.69615365 68.19859051 0 0.3899125908 0.6412226473 0.1542855231 1.303674602
30 35 15 35 0 38.07886553 66.80140949 0 0.3795233913 0.6022607115 0.1502045955 1.265000858
30 36 16 35 0 38.48376281 65.43282868 0 0.3700592505 0.5658281857 0.1464587515 1.228566308
30 37 17 35 0 38.91015292 64.093492 0 0.3614755639 0.5319700282 0.1429860565 1.193946373
30 38 18 35 0 39.35733731 62.78388844 0 0.3535459176 0.4999695056 0.1398365332 1.161813229
30 39 19 35 0 39.8246155 61.50436138 0 0.3462652493 0.4699495131 0.1369457891 1.13167681
30 40 20 35 0 40.31128874 60.2551187 0 0.3395886075 0.4418599654 0.1342676883 1.103184065
31 0 -20 36 0 41.18252056 119.0546041 0 0.6802293356 1.44409313 0.2685449736 2.103235624
31 1 -19 36 0 40.70626487 117.8240964 0 0.7017258129 1.488979338 0.2761748137 2.143653661
31 2 -18 36 0 40.24922359 116.5650512 0 0.723907135 1.533876541 0.2846330988 2.187175342
31 3 -17 36 0 39.81205847 115.2777222 0 0.7460964249 1.577434 0.2941770552 2.234756631
31 4 -16 36 0 39.39543121 113.962489 0 0.7675515989 1.618335645 0.3048517626 2.286179792
31 5 -15 36 0 39 112.6198649 0 0.7877732963 1.655852419 0.3166572379 2.340993961
31 6 -14 36 0 38.62641583 111.2505055 0 0.8064766911 1.689704742 0.3290812533 2.396515748
31 7 -13 36 0 38.27531842 109.8552144 0 0.8230395009 1.719033578 0.3417733006 2.451111603
31 8 -12 36 0 37.94733192 108.4349488 0 0.8369467536 1.743207747 0.3539042274 2.5014309
31 9 -11 36 0 37.64306045 106.9908233 0 0.8479207201 1.762001285 0.3639906242 2.541973195
31 10 -10 36 0 37.36308338 105.524111 0 0.8555252405 1.774882324 0.3711787585 2.570186057
31 11 -9 36 0 37.10795063 104.0362435 0 0.8595552347 1.781662255 0.3745186244 2.583109369
31 12 -8 36 0 36.87817783 102.5288077 0 0.8595732416 1.781692478 0.3735973892 2.579556278
31 13 -7 36 0 36.67424164 101.0035409 0 0.8553159974 1.774529429 0.3686093678 2.560164641
31 14 -6 36 0 36.49657518 99.46232221 0 0.8463571224 1.759338446 0.3598428998 2.525439097
31 15 -5 36 0 36.34556369 97.9071627 0 0.8324412611 1.735420381 0.3486404976 2.479812066
31 16 -4 36 0 36.22154055 96.34019175 0 0.8133549598 1.701957008 0.3360243317 2.426637608
31 17 -3 36 0 36.12478374 94.76364169 0 0.7893944957 1.658818365 0.3221519898 2.365813411
31 18 -2 36 0 36.05551275 93.17983012 0 0.7610840246 1.606127643 0.3072418355 2.297446579
31 19 -1 36 0 36.01388621 91.59114027 0 0.7295366565 1.545052375 0.2922361828 2.225206719
31 20 0 36 0 36 90 0 0.6963018006 1.477784659 0.2769815314 2.147861689
31 21 1 36 0 36.01388621 88.40885973 0 0.663363431 1.407871389 0.2623137952 2.069365587
31 22 2 36 0 36.05551275 86.82016988 0 0.6320597702 1.338132897 0.2489954594 1.994191339
31 23 3 36 0 36.12478374 85.23635831 0 0.6022300701 1.26838665 0.2368840374 1.92225289
31 24 4 36 0 36.22154055 83.65980825 0 0.5745934918 1.200613557 0.2256021138 1.851852491
31 25 5 36 0 36.34556369 82.0928373 0 0.5487550581 1.134234238 0.2151015397 1.783089757
31 26 6 36 0 36.49657518 80.53767779 0 0.5246167147 1.069335679 0.205264323 1.715554799
31 27 7 36 0 36.67424164 78.99645915 0 0.5021856588 1.006292734 0.1961998737 1.650396018
31 28 8 36 0 36.87817783 77.47119229 0 0.4814782263 0.9455424623 0.1879282337 1.588253734
31 29 9 36 0 37.10795063 75.96375653 0 0.4626258976 0.887917935 0.1805593504 1.530545038
31 30 10 36 0 37.36308338 74.475889 0 0.4455446075 0.8336417854 0.173941453 1.476673696
31 31 11 36 0 37.64306045 73.00917671 0 0.4300731885 0.782654099 0.1679789519 1.426352377
31 32 12 36 0 37.94733192 71.56505118 0 0.416093363 0.7349791816 0.1625595134 1.379039894
31 33 13 36 0 38.27531842 70.14478563 0 0.4034810904 0.6905729666 0.1576832037 1.335100899
31 34 14 36 0 38.62641583 68.74949449 0 0.3920256662 0.6490200169 0.1532465992 1.293926963
31 35 15 36 0 39 67.38013505 0 0.3816344789 0.610263423 0.1491972166 1.255292526
31 36 16 36 0 39.39543121 66.03751103 0 0.3720997362 0.5737612729 0.1455296835 1.219385353
31 37 17 36 0 39.81205847 64.72227776 0 0.3634574513 0.5398583878 0.1421107794 1.185087896
31 38 18 36 0 40.24922359 63.43494882 0 0.3554743417 0.5078173342 0.1390007278 1.153164341
31 39 19 36 0 40.70626487 62.17590362 0 0.348098782 0.4775686712 0.1361425245 1.123189672
31 40 20 36 0 41.18252056 60.9453959 0 0.341361977 0.4493742761 0.1335018715 1.094931871
32 0 -20 37 0 42.05948169 118.3930194 0 0.6847561108 1.453662141 0.266385795 2.091589058
32 1 -19 37 0 41.59326869 117.1811111 0 0.7056709039 1.497067431 0.2740131332 2.132316947
32 2 -18 37 0 41.14608122 115.9422955 0 0.7269284636 1.539885302 0.2826006126 2.176836498
32 3 -17 37 0 40.71854614 114.6768632 0 0.7478955323 1.58090867 0.292086336 2.224466775
32 4 -16 37 0 40.31128874 113.3852211 0 0.7679551335 1.619093931 0.3029217783 2.277017208
32 5 -15 37 0 39.92492956 112.0678996 0 0.7867392421 1.653957451 0.3143128732 2.330273266
32 6 -14 37 0 39.56008089 110.7255589 0 0.8039346739 1.685150181 0.3262006656 2.383831631
32 7 -13 37 0 39.2173431 109.3589942 0 0.8189531368 1.711852803 0.3380700634 2.435394174
32 8 -12 37 0 38.89730068 107.9691397 0 0.8314319889 1.733670161 0.3487962131 2.480456282
32 9 -11 37 0 38.60051813 106.5570714 0 0.8410419526 1.750249672 0.3573714324 2.515496218
32 10 -10 37 0 38.32753579 105.1240073 0 0.8474204615 1.761149869 0.3630423213 2.538209644
32 11 -9 37 0 38.07886553 103.6713071 0 0.8503291454 1.766093293 0.365137428 2.546511463
32 12 -8 37 0 37.85498646 102.2004687 0 0.8494133424 1.764538676 0.3634150478 2.539690063
32 13 -7 37 0 37.65634077 100.713123 0 0.8443931522 1.755986784 0.357989283 2.517988304
32 14 -6 37 0 37.48332963 99.21102654 0 0.8349413586 1.73974678 0.3492602272 2.482374267
32 15 -5 37 0 37.33630941 97.69605172 0 0.8208691418 1.715224159 0.3386092436 2.437693263
32 16 -4 37 0 37.21558813 96.1701751 0 0.8020424623 1.681750524 0.3265673593 2.385452505
32 17 -3 37 0 37.12142239 94.63546343 0 0.778803204 1.639330724 0.3134715425 2.326406383
32 18 -2 37 0 37.05401463 93.09405806 0 0.7516658078 1.588163284 0.2993875455 2.260086112
32 19 -1 37 0 37.01351105 91.5481577 0 0.721638818 1.52934885 0.2852066435 2.190079493
32 20 0 37 0 37 90 0 0.6899866983 1.464640455 0.2709344396 2.116015697
32 21 1 37 0 37.01351105 88.4518423 0 0.6585671476 1.39740245 0.257121217 2.040520568
32 22 2 37 0 37.05401463 86.90594194 0 0.6286541949 1.330338554 0.2444307187 1.967497512
32 23 3 37 0 37.12142239 85.36453657 0 0.5999437935 1.262899251 0.2329686244 1.898207575
32 24 4 37 0 37.21558813 83.8298249 0 0.5732234246 1.197169471 0.2222352828 1.830159787
32 25 5 37 0 37.33630941 82.30394828 0 0.5482238333 1.132836954 0.2122061887 1.763538636
32 26 6 37 0 37.48332963 80.78897346 0 0.524795751 1.069827944 0.2028572647 1.698536874
32 27 7 37 0 37.65634077 79.28687698 0 0.5029886379 1.008597716 0.1941461675 1.635215134
32 28 8 37 0 37.85498646 77.79953127 0 0.4827851401 0.9494531765 0.1861663027 1.574663865
32 29 9 37 0 38.07886553 76.32869287 0 0.4642608469 0.8930075226 0.1789755188 1.517834166
32 30 10 37 0 38.32753579 74.87599269 0 0.4473696582 0.8395393175 0.172513926 1.464784732
32 31 11 37 0 38.60051813 73.44292862 0 0.4320346953 0.7892190803 0.1666716315 1.415080475
32 32 12 37 0 38.89730068 72.03086026 0 0.4181174117 0.741980028 0.1613683438 1.368429492
32 33 13 37 0 39.2173431 70.64100582 0 0.4055333285 0.6978923914 0.1566062975 1.325214133
32 34 14 37 0 39.56008089 69.27444113 0 0.3940301275 0.6563778474 0.1522234349 1.284262385
32 35 15 37 0 39.92492956 67.93210044 0 0.383667377 0.6179280037 0.1482483417 1.246087872
32 36 16 37 0 40.31128874 66.61477894 0 0.3740808227 0.5814219129 0.1446126202 1.210265365
32 37 17 37 0 40.71854614 65.32313683 0 0.3654003331 0.5475498541 0.1412550327 1.176374174
32 38 18 37 0 41.14608122 64.05770451 0 0.3573511257 0.5154142382 0.1381616567 1.144429193
32 39 19 37 0 41.59326869 62.81888891 0 0.3499464691 0.4852061567 0.1353305268 1.114559213
32 40 20 37 0 42.05948169 61.60698058 0 0.3431604364 0.4569551365 0.132718356 1.086439825
33 0 -20 38 0 42.94182111 117.7585406 0 0.6885952346 1.461728102 0.2643881644 2.0807295
33 1 -19 38 0 42.48529157 116.5650512 0 0.7087809764 1.503411788 0.2720878589 2.122144487
33 2 -18 38 0 42.04759208 115.3461759 0 0.7290392454 1.544068384 0.2807098098 2.167151387
33 3 -17 38 0 41.62931659 114.1022345 0 0.7487654241 1.582585722 0.290466847 2.216445413
33 4 -16 38 0 41.23105626 112.8336542 0 0.7674931546 1.618225788 0.3008624003 2.267175725
33 5 -15 38 0 40.85339643 111.5409759 0 0.784920988 1.650619341 0.3118584529 2.318963269
33 6 -14 38 0 40.49691346 110.2248594 0 0.800662484 1.679266114 0.3230861413 2.369990773
33 7 -13 38 0 40.16217126 108.8860874 0 0.8142521588 1.703547545 0.3339689989 2.417786094
33 8 -12 38 0 39.84971769 107.5255684 0 0.8254175695 1.723196052 0.3433827587 2.457889508
33 9 -11 38 0 39.56008089 106.1443388 0 0.8337438297 1.737676085 0.3505965512 2.487883709
33 10 -10 38 0 39.29376541 104.7435628 0 0.8390049738 1.746751268 0.3549938561 2.505865961
33 11 -9 38 0 39.05124838 103.3245313 0 0.8408897338 1.749988537 0.3560519457 2.510159642
33 12 -8 38 0 38.83297568 101.888658 0 0.8391396511 1.746982832 0.353621685 2.500278652
33 13 -7 38 0 38.63935817 100.4374754 0 0.8334687084 1.737199941 0.3478335567 2.476469026
33 14 -6 38 0 38.47076812 98.97262661 0 0.8236257882 1.720060907 0.3393403192 2.440804761
33 15 -5 38 0 38.32753579 97.49585764 0 0.8094901311 1.695085397 0.3291819329 2.396957061
33 16 -4 38 0 38.20994635 96.00900596 0 0.7909847044 1.661721702 0.3176464016 2.345493581
33 17 -3 38 0 38.11823711 94.51398846 0 0.7684808303 1.620081177 0.3052853377 2.288230206
33 18 -2 38 0 38.05259518 93.0127875 0 0.7424793319 1.570422772 0.292008792 2.224083712
33 19 -1 38 0 38.01315562 91.50743576 0 0.7138808856 1.513755279 0.2786129808 2.156334381
33 20 0 38 0 38 90 0 0.6837514938 1.451543985 0.265260696 2.085482831
33 21 1 38 0 38.01315562 88.49256424 0 0.6537229093 1.386751161 0.252216495 2.012734536
33 22 2 38 0 38.05259518 86.9872125 0 0.62511138 1.322185172 0.2400967876 1.941688006
33 23 3 38 0 38.11823711 85.48601154 0 0.5975211499 1.257061685 0.2291462701 1.874340708
33 24 4 38 0 38.20994635 83.99099404 0 0.5717006991 1.193331959 0.2189658196 1.808777589
33 25 5 38 0 38.32753579 82.50414236 0 0.5474803151 1.130878998 0.2093933163 1.744287298
33 26 6 38 0 38.47076812 81.02737339 0 0.5247591279 1.069727262 0.2004553688 1.681352963
33 27 7 38 0 38.63935817 79.56252465 0 0.5035249888 1.010135283 0.1921387721 1.620220578
33 28 8 38 0 38.83297568 78.11134196 0 0.4838616595 0.9526665318 0.1844726791 1.561479071
33 29 9 38 0 39.05124838 76.67546874 0 0.4656635311 0.8973598057 0.1774674794 1.505626582
33 30 10 38 0 39.29376541 75.25643716 0 0.4489918201 0.8447610669 0.1711365293 1.453219643
33 31 11 38 0 39.56008089 73.85566122 0 0.4338561749 0.7952887677 0.1653774689 1.4038346
33 32 12 38 0 39.84971769 72.47443163 0 0.4199906935 0.748429265 0.160152054 1.357514206
33 33 13 38 0 40.16217126 71.11391263 0 0.4074056952 0.7045380532 0.1555122459 1.315100095
33 34 14 38 0 40.49691346 69.77514057 0 0.396006757 0.6635969523 0.1512181644 1.274703352
33 35 15 38 0 40.85339643 68.45902408 0 0.3856053783 0.6251970792 0.1473003537 1.2368328
33 36 16 38 0 41.23105626 67.16634582 0 0.37600348 0.5888179194 0.1437156628 1.201289207
33 37 17 38 0 41.62931659 65.8977655 0 0.3672658586 0.554896693 0.1404168866 1.167788351
33 38 18 38 0 42.04759208 64.65382406 0 0.3591924172 0.5228287992 0.1373583176 1.136016179
33 39 19 38 0 42.48529157 63.43494882 0 0.3517338507 0.4925560911 0.1345513351 1.106228612
33 40 20 38 0 42.94182111 62.2414594 0 0.3448980721 0.4642419697 0.1319529768 1.078095802
34 0 -20 39 0 43.829214 117.1496817 0 0.6917081395 1.468235338 0.2625622818 2.070731587
34 1 -19 39 0 43.38202393 115.974394 0 0.7110777204 1.508079159 0.2703408309 2.112851331
34 2 -18 39 0 42.95346319 114.7751406 0 0.7302904388 1.546542248 0.2791608931 2.159168757
34 3 -17 39 0 42.54409477 113.5522637 0 0.7488070291 1.582665883 0.2886987714 2.207636873
34 4 -16 39 0 42.15447782 112.3062051 0 0.7662780006 1.615939792 0.2987875317 2.257191851
34 5 -15 39 0 41.78516483 111.037511 0 0.7823731517 1.645928768 0.3092865432 2.30701597
34 6 -14 39 0 41.43669871 109.7468366 0 0.7967515619 1.672201847 0.3197453326 2.354995205
34 7 -13 39 0 41.10960958 108.4349488 0 0.8090572485 1.694313696 0.3295381454 2.398517378
34 8 -12 39 0 40.80441153 107.102729 0 0.8189545629 1.711855316 0.3377383655 2.433977977
34 9 -11 39 0 40.52159918 105.7511737 0 0.8260980449 1.724384922 0.3437435768 2.459404661
34 10 -10 39 0 40.26164428 104.3813946 0 0.8303380899 1.731770785 0.347015733 2.473072978
34 11 -9 39 0 40.02499219 102.9946168 0 0.8312987712 1.733438984 0.3471783822 2.473749023
34 12 -8 39 0 39.81205847 101.5921754 0 0.8288096178 1.72911265 0.3441672048 2.461181537
34 13 -7 39 0 39.62322551 100.1755108 0 0.8225884456 1.718242712 0.3381567146 2.435763906
34 14 -6 39 0 39.45883931 98.74616226 0 0.8124489839 1.70034913 0.3301037707 2.400991523
34 15 -5 39 0 39.3192065 97.30575953 0 0.7983280772 1.675053657 0.3202802159 2.357406589
34 16 -4 39 0 39.20459157 95.85601359 0 0.7801912927 1.641899803 0.3092396402 2.30679717
34 17 -3 39 0 39.11521443 94.39870535 0 0.75842708 1.601082382 0.2975319145 2.251116331
34 18 -2 39 0 39.05124838 92.93567345 0 0.7335215714 1.552911298 0.2850347468 2.189209705
34 19 -1 39 0 39.01281841 91.46880071 0 0.7062665996 1.498284776 0.2724230266 2.123920558
34 20 0 39 0 39 90 0 0.6776133848 1.438534277 0.2598040918 2.055496058
34 21 1 39 0 39.01281841 88.53119929 0 0.6488458328 1.375947637 0.2475395918 1.985731195
34 22 2 39 0 39.05124838 87.06432655 0 0.6214520097 1.313714892 0.2360695954 1.917284146
34 23 3 39 0 39.11521443 85.60129465 0 0.5949765192 1.250904639 0.2254880456 1.851122855
34 24 4 39 0 39.20459157 84.14398641 0 0.5700274677 1.189103345 0.2157526248 1.787450016
34 25 5 39 0 39.3192065 82.69424047 0 0.5465849758 1.12851771 0.2066561076 1.725303908
34 26 6 39 0 39.45883931 81.25383774 0 0.524563976 1.06919064 0.1981162136 1.664418859
34 27 7 39 0 39.62322551 79.82448916 0 0.5039223139 1.011273246 0.1901357815 1.605101962
34 28 8 39 0 39.81205847 78.40782459 0 0.484690416 0.9551354609 0.182759272 1.548016506
34 29 9 39 0 40.02499219 77.00538321 0 0.4668562476 0.9010502949 0.175981801 1.493498146
34 30 10 39 0 40.26164428 75.61860541 0 0.4504687576 0.8494989561 0.169808307 1.441978942
34 31 11 39 0 40.52159918 74.24882634 0 0.4355089036 0.8007741189 0.1641605985 1.393179801
34 32 12 39 0 40.80441153 72.89727103 0 0.4217752168 0.754546231 0.1590382844 1.347446005
34 33 13 39 0 41.10960958 71.56505118 0 0.4092714417 0.7111299065 0.1544306873 1.305031367
34 34 14 39 0 41.43669871 70.25316339 0 0.3979040139 0.6704923576 0.1502167095 1.265117207
34 35 15 39 0 41.78516483 68.96248897 0 0.387421843 0.6319772009 0.1463738079 1.227729326
34 36 16 39 0 42.15447782 67.69379495 0 0.377855162 0.5959052372 0.1428482324 1.192555089
34 37 17 39 0 42.54409477 66.44773633 0 0.3690492197 0.5618851448 0.1396033777 1.159405753
34 38 18 39 0 42.95346319 65.22485943 0 0.3609809283 0.5299945222 0.1365808752 1.127827388
34 39 19 39 0 43.38202393 64.02560604 0 0.3534758647 0.4996836162 0.1337970389 1.098118093
34 40 20 39 0 43.829214 62.8503183 0 0.3465941113 0.471319048 0.1312134168 1.069987151
35 0 -20 40 0 44.72135955 116.5650512 0 0.6940987145 1.473212762 0.2608264729 2.06116221
35 1 -19 40 0 44.28317965 115.4077181 0 0.7126046154 1.511173733 0.2688080553 2.104648277
35 2 -18 40 0 43.8634244 114.2277453 0 0.7307664422 1.54748229 0.277563007 2.150887207
35 3 -17 40 0 43.46262762 113.025492 0 0.7481237136 1.581348766 0.2868634221 2.198435927
35 4 -16 40 0 43.08131846 111.8014095 0 0.7643522608 1.61230958 0.2966108518 2.246643286
35 5 -15 40 0 42.72001873 110.5560452 0 0.7791851977 1.640038176 0.3064694508 2.293815177
35 6 -14 40 0 42.3792402 109.2900462 0 0.7922961942 1.664111777 0.3161511553 2.338686397
35 7 -13 40 0 42.05948169 108.0041616 0 0.8033982455 1.684187216 0.3248625384 2.377901294
35 8 -12 40 0 41.76122604 106.6992442 0 0.8121158203 1.699757398 0.3319252772 2.408930405
35 9 -11 40 0 41.48493703 105.3762512 0 0.8182090254 1.710541356 0.3368411889 2.430140467
35 10 -10 40 0 41.23105626 104.0362435 0 0.8214829962 1.716302618 0.3391255289 2.439891298
35 11 -9 40 0 41 102.6803835 0 0.8216119129 1.716529005 0.3385502989 2.437442098
35 12 -8 40 0 40.79215611 101.3099325 0 0.8184751095 1.711010449 0.3351127096 2.422718309
35 13 -7 40 0 40.60788101 99.92624551 0 0.8117943477 1.6991862 0.3290516437 2.396385934
35 14 -6 40 0 40.44749683 98.53076561 0 0.8014418651 1.680669779 0.3213598838 2.36226175
35 15 -5 40 0 40.31128874 97.12501635 0 0.7874006389 1.655169788 0.3118631465 2.318984982
35 16 -4 40 0 40.19950248 95.71059314 0 0.7696681402 1.622308434 0.3013334864 2.26943291
35 17 -3 40 0 40.11234224 94.28915333 0 0.7486478936 1.58235925 0.2901774529 2.21500733
35 18 -2 40 0 40.04996879 92.86240523 0 0.724787226 1.535629434 0.278423024 2.155350424
35 19 -1 40 0 40.01249805 91.43209618 0 0.6987991978 1.482949857 0.2665267352 2.092352161
35 20 0 40 0 40 90 0 0.6715261207 1.425515423 0.2545881894 2.026237398
35 21 1 40 0 40.01249805 88.56790382 0 0.6439708133 1.365067208 0.2430000393 1.959028452
35 22 2 40 0 40.04996879 87.13759477 0 0.6176991988 1.304976365 0.2321682769 1.893242763
35 23 3 40 0 40.11234224 85.71084667 0 0.5923148683 1.244436206 0.2220424106 1.828907166
35 24 4 40 0 40.19950248 84.28940686 0 0.568210923 1.18449847 0.2126601529 1.766621639
35 25 5 40 0 40.31128874 82.87498365 0 0.545513134 1.125685837 0.2039553012 1.706324911
35 26 6 40 0 40.44749683 81.46923439 0 0.5241654422 1.068094146 0.1958054128 1.647492552
35 27 7 40 0 40.60788101 80.07375449 0 0.5040898784 1.011752892 0.188168134 1.590094236
35 28 8 40 0 40.79215611 78.69006753 0 0.4853414076 0.9570718559 0.1810690756 1.534612078
35 29 9 40 0 41 77.31961651 0 0.4678814694 0.9042149966 0.1745031776 1.481325213
35 30 10 40 0 41.23105626 75.96375653 0 0.4517811679 0.8536960395 0.1684856739 1.430697831
35 31 11 40 0 41.48493703 74.62374875 0 0.4370072313 0.8057290579 0.162977216 1.382742197
35 32 12 40 0 41.76122604 73.30075577 0 0.4234063679 0.7601148723 0.1579671287 1.337696285
35 33 13 40 0 42.05948169 71.99583839 0 0.4109529435 0.7170451115 0.1534107043 1.295471056
35 34 14 40 0 42.3792402 70.70995378 0 0.3995928881 0.6766028117 0.1492572445 1.255872862
35 35 15 40 0 42.72001873 69.44395478 0 0.3891365688 0.6383484677 0.1454576849 1.218671425
35 36 16 40 0 43.08131846 68.19859051 0 0.3796356943 0.6026875496 0.1419996923 1.183959709
35 37 17 40 0 43.46262762 66.97450799 0 0.3707555745 0.5685402898 0.138788112 1.150955903
35 38 18 40 0 43.8634244 65.77225468 0 0.3627039867 0.5368645082 0.1358168323 1.119734194
35 39 19 40 0 44.28317965 64.59228189 0 0.3551701347 0.5065821796 0.1330511868 1.090053285
35 40 20 40 0 44.72135955 63.43494882 0 0.3482293392 0.4781096638 0.1305037252 1.062162893
36 0 -20 41 0 45.61797891 116.0033458 0 0.6958006307 1.476745892 0.2593354172 2.052891152
36 1 -19 41 0 45.18849411 114.8636966 0 0.7134369928 1.512857929 0.2673355387 2.096723542
36 2 -18 41 0 44.77722635 113.702646 0 0.7305389581 1.547033116 0.2758972527 2.142202996
36 3 -17 41 0 44.38468204 112.5205656 0 0.7467503415 1.578697897 0.2849578493 2.188820438
36 4 -16 41 0 44.01136217 111.3179123 0 0.761797469 1.6074794 0.2942054739 2.234895994
36 5 -15 41 0 43.65775991 110.0952312 0 0.7754341996 1.63307627 0.3034362161 2.279465191
36 6 -14 41 0 43.32435804 108.8531588 0 0.7873973838 1.655163824 0.3122653737 2.320844506
36 7 -13 41 0 43.01162634 107.5924246 0 0.7973403462 1.673267578 0.3199569516 2.355949717
36 8 -12 41 0 42.72001873 106.3138524 0 0.8049676007 1.687002622 0.3259967017 2.382929273
36 9 -11 41 0 42.44997055 105.0183606 0 0.8101034937 1.696178134 0.3299363704 2.400259727
36 10 -10 41 0 42.20189569 103.706961 0 0.8124935299 1.70042823 0.3314017308 2.406653042
36 11 -9 41 0 41.97618372 102.3807569 0 0.8118794951 1.699337513 0.3302414448 2.401593093
36 12 -8 41 0 41.77319715 101.0409402 0 0.8081793799 1.692747448 0.3264734472 2.385037564
36 13 -7 41 0 41.59326869 99.68878656 0 0.80112161 1.680093165 0.3206405294 2.359028701
36 14 -6 41 0 41.43669871 98.32565033 0 0.790628752 1.661072326 0.3130506144 2.324467838
36 15 -5 41 0 41.30375286 96.95295747 0 0.7767205941 1.635467623 0.3039482743 2.281897733
36 16 -4 41 0 41.19465985 95.5721978 0 0.7594206013 1.602971041 0.2938894813 2.233345629
36 17 -3 41 0 41.10960958 94.18491613 0 0.7391365077 1.563912739 0.2832556095 2.180176432
36 18 -2 41 0 41.0487515 92.79270237 0 0.7162698946 1.518575211 0.27213223 2.122379738
36 19 -1 41 0 41.01219331 91.39718103 0 0.6914758683 1.467750809 0.260875837 2.061435229
36 20 0 41 0 41 90 0 0.6654969392 1.412503936 0.2496372953 1.997905391
36 21 1 41 0 41.01219331 88.60281897 0 0.6391104044 1.354137079 0.2386636787 1.93305093
36 22 2 41 0 41.0487515 87.20729763 0 0.6138818677 1.296032962 0.2283565239 1.869359911
36 23 3 41 0 41.10960958 85.81508387 0 0.5895498108 1.237685616 0.2187220732 1.807170728
36 24 4 41 0 41.19465985 84.4278022 0 0.5662725489 1.179568499 0.2097387533 1.746665357
36 25 5 41 0 41.30375286 83.04704253 0 0.5443065872 1.122491401 0.201340557 1.687709716
36 26 6 41 0 41.43669871 81.67434967 0 0.5235789784 1.06647908 0.1935166051 1.63052927
36 27 7 41 0 41.59326869 80.31121344 0 0.504073052 1.011704734 0.186192701 1.574868424
36 28 8 41 0 41.77319715 78.95905982 0 0.4858029969 0.9584432952 0.1793931192 1.52119646
36 29 9 41 0 41.97618372 77.61924307 0 0.4687484275 0.9068857559 0.1730437191 1.469208483
36 30 10 41 0 42.20189569 76.293039 0 0.4529251157 0.8573444473 0.1671662613 1.419355607
36 31 11 41 0 42.44997055 74.98163937 0 0.4383339821 0.810102434 0.1617905216 1.372198996
36 32 12 41 0 42.72001873 73.68614757 0 0.4249083202 0.7652234987 0.1569178373 1.328081262
36 33 13 41 0 43.01162634 72.40757544 0 0.4125292308 0.7225682538 0.1524291105 1.286210356
36 34 14 41 0 43.32435804 71.14684124 0 0.4012375715 0.6825286098 0.1483469999 1.247047655
36 35 15 41 0 43.65775991 69.90476881 0 0.3908645783 0.644740753 0.14458725 1.210012243
36 36 16 41 0 44.01136217 68.68208772 0 0.3813140475 0.6090515858 0.1411541273 1.175343218
36 37 17 41 0 44.38468204 67.4794344 0 0.3724423927 0.5750892001 0.1379865247 1.14259929
36 38 18 41 0 44.77722635 66.29735405 0 0.3643567935 0.5434237956 0.1350533501 1.111601333
36 39 19 41 0 45.18849411 65.13630343 0 0.3568257317 0.513291561 0.1323279481 1.082189701
36 40 20 41 0 45.61797891 63.99665416 0 0.34984329 0.4847807261 0.129807313 1.054443569
37 0 -20 42 0 46.5188134 115.4633451 0 0.6968846618 1.478991807 0.2579347921 2.045078293
37 1 -19 42 0 46.09772229 114.3410899 0 0.713596223 1.513179884 0.2658190309 2.088516301
37 2 -18 42 0 45.69463864 113.1985905 0 0.7296473696 1.545271299 0.2742489596 2.133558053
37 3 -17 42 0 45.31004304 112.0362269 0 0.7447589932 1.574845545 0.2828947828 2.178337476
37 4 -16 42 0 44.94441011 110.854458 0 0.758686205 1.601575211 0.2915808433 2.221967844
37 5 -15 42 0 44.59820624 109.6538241 0 0.7712256647 1.625224967 0.3001918727 2.263956824
37 6 -14 42 0 44.27188724 108.4349488 0 0.7820819614 1.645391713 0.3081459304 2.301685643
37 7 -13 42 0 43.96589587 107.1985412 0 0.7909482768 1.661655259 0.3148894589 2.332917368
37 8 -12 42 0 43.68065934 105.9453959 0 0.7975699611 1.67368298 0.3200312071 2.356284498
37 9 -11 42 0 43.41658669 104.6763931 0 0.8018298059 1.681367952 0.3231101505 2.370097978
37 10 -10 42 0 43.17406629 103.3924978 0 0.8034212695 1.68422856 0.3238729185 2.373499743
37 11 -9 42 0 42.95346319 102.0947571 0 0.8021576801 1.68195776 0.3221936488 2.365999961
37 12 -8 42 0 42.75511665 100.7842979 0 0.7979597897 1.674387954 0.3182598759 2.348277188
37 13 -7 42 0 42.57933771 99.46232221 0 0.7905989503 1.661017945 0.3125515189 2.322165919
37 14 -6 42 0 42.42640687 98.13010235 0 0.7800283358 1.641598438 0.3051180103 2.287439246
37 15 -5 42 0 42.29657197 96.78897457 0 0.7662965956 1.615974801 0.2964453354 2.245838001
37 16 -4 42 0 42.19004622 95.44033203 0 0.7494464425 1.583897288 0.2868823851 2.198531293
37 17 -3 42 0 42.10700654 94.08561678 0 0.7298843568 1.545739806 0.2767181964 2.146489421
37 18 -2 42 0 42.04759208 92.72631099 0 0.7079660863 1.501752158 0.2661824466 2.090487341
37 19 -1 42 0 42.01190308 91.36392753 0 0.6842974261 1.452695426 0.255469431 2.031222576
37 20 0 42 0 42 90 0 0.6595330762 1.399516919 0.2449210282 1.97038855
37 21 1 42 0 42.01190308 88.63607247 0 0.634308576 1.343256753 0.2345113946 1.907729928
37 22 2 42 0 42.04759208 87.27368901 0 0.6100101466 1.286905145 0.2247265955 1.846242777
37 23 3 42 0 42.10700654 85.91438322 0 0.586695768 1.230684491 0.2155233336 1.785915976
37 24 4 42 0 42.19004622 84.55966797 0 0.5642204423 1.174330842 0.2069135858 1.72710028
37 25 5 42 0 42.29657197 83.21102543 0 0.5429446296 1.118876982 0.1988386897 1.669670406
37 26 6 42 0 42.42640687 81.86989765 0 0.522835075 1.064427834 0.1912834627 1.613784057
37 27 7 42 0 42.57933771 80.53767779 0 0.5038807317 1.011154194 0.1842414703 1.559669734
37 28 8 42 0 42.75511665 79.21570213 0 0.486057811 0.9591998211 0.1777062681 1.507566475
37 29 9 42 0 42.95346319 77.90524292 0 0.4694373441 0.9090045191 0.1715842894 1.456989368
37 30 10 42 0 43.17406629 76.60750225 0 0.4538983425 0.8604411251 0.1658672032 1.408100556
37 31 11 42 0 43.41658669 75.32360686 0 0.439504269 0.8139490837 0.1606354859 1.361862539
37 32 12 42 0 43.68065934 74.0546041 0 0.4262831875 0.769884062 0.1558743137 1.318455113
37 33 13 42 0 43.96589587 72.80145878 0 0.4140090028 0.727734045 0.1514836929 1.277234403
37 34 14 42 0 44.27188724 71.56505118 0 0.402792977 0.688110434 0.1474646398 1.23844096
37 35 15 42 0 44.59820624 70.34617594 0 0.3924618399 0.6506242889 0.14375098 1.201643696
37 36 16 42 0 44.94441011 69.14554196 0 0.3828450986 0.6148326925 0.1403450346 1.167049928
37 37 17 42 0 45.31004304 67.96377306 0 0.3740793526 0.5814162433 0.1372180689 1.134542374
37 38 18 42 0 45.69463864 66.80140949 0 0.3659181913 0.549593045 0.1343030725 1.103564215
37 39 19 42 0 46.09772229 65.65891006 0 0.3584288832 0.5197588037 0.13161555 1.074401855
37 40 20 42 0 46.5188134 64.53665494 0 0.3514219166 0.4912760737 0.1291147284 1.046725486
38 0 -20 43 0 47.42362281 114.9439053 0 0.6973465179 1.479947628 0.2565216165 2.037152309
38 1 -19 43 0 47.01063709 113.8387402 0 0.7131213918 1.512219587 0.2643559004 2.080553433
38 2 -18 43 0 46.61544808 112.7144124 0 0.728157159 1.542321768 0.2724447318 2.124035499
38 3 -17 43 0 46.23851209 111.5713072 0 0.7422173609 1.569913652 0.2806369031 2.166776638
38 4 -16 43 0 45.88027899 110.4098828 0 0.7551034598 1.594746233 0.2888109175 2.208197184
38 5 -15 43 0 45.54119015 109.2306724 0 0.7666012468 1.61654825 0.2967389208 2.247266071
38 6 -14 43 0 45.22167622 108.0342856 0 0.7764127518 1.634895718 0.30384768 2.281420182
38 7 -13 43 0 44.92215489 106.8214099 0 0.7842807163 1.649442033 0.3097717024 2.309277265
38 8 -12 43 0 44.64302857 105.5928109 0 0.7900101067 1.659943015 0.3140731799 2.329172655
38 9 -11 43 0 44.38468204 104.349332 0 0.7934375166 1.66618852 0.3163963725 2.339804964
38 10 -10 43 0 44.14748011 103.0918931 0 0.7943091978 1.667772614 0.3165580818 2.340542133
38 11 -9 43 0 43.93176527 101.8214883 0 0.7924742671 1.664435994 0.3145093652 2.331174882
38 12 -8 43 0 43.73785546 100.5391837 0 0.7878476914 1.655988657 0.3104817409 2.312580333
38 13 -7 43 0 43.56604182 99.24611275 0 0.7802493918 1.642007233 0.3047893203 2.285884257
38 14 -6 43 0 43.41658669 97.94347181 0 0.769654552 1.622282964 0.2975870696 2.251383746
38 15 -5 43 0 43.28972164 96.63251462 0 0.7561350021 1.596715745 0.2892930954 2.210603796
38 16 -4 43 0 43.18564576 95.31454567 0 0.739745501 1.565100922 0.2802348482 2.164708276
38 17 -3 43 0 43.10452412 93.9909131 0 0.7208857567 1.52784255 0.2705401363 2.113914548
38 18 -2 43 0 43.0464865 92.66300077 0 0.699872058 1.485163116 0.2604964542 2.05933564
38 19 -1 43 0 43.01162634 91.33221985 0 0.6772643398 1.43779094 0.2503611378 2.002082543
38 20 0 43 0 43 90 0 0.6536411326 1.386570678 0.2403921452 1.943461662
38 21 1 43 0 43.01162634 88.66778015 0 0.6295621726 1.332420764 0.2305458948 1.883125882
38 22 2 43 0 43.0464865 87.33699923 0 0.6061046129 1.277638728 0.2212150117 1.823521195
38 23 3 43 0 43.10452412 86.0090869 0 0.5837621791 1.223452649 0.2124545373 1.76522606
38 24 4 43 0 43.18564576 84.68545433 0 0.5620651319 1.168809224 0.2042260058 1.708238494
38 25 5 43 0 43.28972164 83.36748538 0 0.5414764663 1.114970542 0.1964561388 1.652279155
38 26 6 43 0 43.41658669 82.05652819 0 0.5219762608 1.0620561 0.1891364453 1.597499293
38 27 7 43 0 43.56604182 80.75388725 0 0.5035601058 1.010235896 0.1823258325 1.544590887
38 28 8 43 0 43.73785546 79.46081627 0 0.4861989745 0.9596187555 0.1760072998 1.49370717
38 29 9 43 0 43.93176527 78.17851166 0 0.4699328765 0.9105266072 0.1701076217 1.444519688
38 30 10 43 0 44.14748011 76.90810694 0 0.4547058455 0.8630054561 0.1645731064 1.396800503
38 31 11 43 0 44.38468204 75.65066796 0 0.4405584593 0.8174053733 0.1594990388 1.351619634
38 32 12 43 0 44.64302857 74.40718906 0 0.4275112459 0.7740342763 0.1548381763 1.308833126
38 33 13 43 0 44.92215489 73.17859011 0 0.4153799567 0.7325035089 0.1505500966 1.268315538
38 34 14 43 0 45.22167622 71.96571443 0 0.4042121154 0.6931844692 0.1465879313 1.229838235
38 35 15 43 0 45.54119015 70.76932762 0 0.3939073701 0.6559283156 0.1429291256 1.193371839
38 36 16 43 0 45.88027899 69.59011717 0 0.3843900322 0.6206428306 0.1395591193 1.158948303
38 37 17 43 0 46.23851209 68.42869281 0 0.3756396968 0.5874214371 0.1364652068 1.126605074
38 38 18 43 0 46.61544808 67.28558765 0 0.3674210188 0.5555060651 0.1335971663 1.095961313
38 39 19 43 0 47.01063709 66.16125982 0 0.3599680585 0.5259408011 0.130936441 1.066938575
38 40 20 43 0 47.42362281 65.05609474 0 0.352955584 0.4975585512 0.1284578438 1.039366891
39 0 -20 44 0 48.33218389 114.4439548 0 0.6972220903 1.479690185 0.2552356743 2.029901894
39 1 -19 44 0 47.92702787 113.3555649 0 0.7120696368 1.510090241 0.2627992634 2.072033137
39 2 -18 44 0 47.5394573 112.2490237 0 0.7261299874 1.538299739 0.2705221953 2.113818872
39 3 -17 44 0 47.16990566 111.1247191 0 0.7392021597 1.564040877 0.2782612385 2.154511862
39 4 -16 44 0 46.81879964 109.9831065 0 0.7511134901 1.587102815 0.2859078858 2.193622317
39 5 -15 44 0 46.4865572 108.82471 0 0.7616090986 1.607122619 0.2931192586 2.229559664
39 6 -14 44 0 46.17358552 107.6501242 0 0.7704467602 1.623767172 0.2994842174 2.260551881
39 7 -13 44 0 45.88027899 106.4600148 0 0.7773906502 1.636711661 0.3046205091 2.285084982
39 8 -12 44 0 45.607017 105.2551187 0 0.7823021507 1.645797836 0.3081545419 2.30172596
39 9 -11 44 0 45.35416188 104.0362435 0 0.784969946 1.650709324 0.309829019 2.30954418
39 10 -10 44 0 45.12205669 102.8042661 0 0.7851949045 1.651122716 0.3094840184 2.307936817
39 11 -9 44 0 44.91102315 101.5601308 0 0.7828572981 1.646821257 0.3071410646 2.296973318
39 12 -8 44 0 44.72135955 100.3048465 0 0.7778689765 1.637599075 0.3030874899 2.27780621
39 13 -7 44 0 44.55333882 99.0394828 0 0.7700910228 1.623100884 0.297417217 2.25056007
39 14 -6 44 0 44.40720662 97.76516602 0 0.7595173495 1.603154825 0.2904094389 2.21616025
39 15 -5 44 0 44.28317965 96.48307369 0 0.7462375534 1.577706869 0.2824902244 2.176272849
39 16 -4 44 0 44.18144407 95.19442891 0 0.7303134704 1.546587746 0.2739149909 2.13180013
39 17 -3 44 0 44.10215414 93.90049374 0 0.7121390846 1.51023094 0.2647165457 2.082520276
39 18 -2 44 0 44.04543109 92.6025622 0 0.6919841446 1.468810887 0.2551582167 2.029464006
39 19 -1 44 0 44.01136217 91.30195267 0 0.6703766634 1.423043833 0.2455010374 1.973801026
39 20 0 44 0 44 90 0 0.6478258753 1.373677998 0.2360611553 1.917232566
39 21 1 44 0 44.01136217 88.69804733 0 0.6248250962 1.321524306 0.2267281598 1.859035491
39 22 2 44 0 44.04543109 87.3974378 0 0.6021819485 1.268271366 0.2178150114 1.80117529
39 23 3 44 0 44.10215414 86.09950626 0 0.5807529241 1.215996418 0.2094684166 1.744804638
39 24 4 44 0 44.18144407 84.80557109 0 0.5598267601 1.163052355 0.2016045872 1.689600371
39 25 5 44 0 44.28317965 83.51692631 0 0.5399055005 1.11077882 0.1941439912 1.635198961
39 26 6 44 0 44.40720662 82.23483398 0 0.5209974492 1.059348214 0.1870922442 1.581821659
39 27 7 44 0 44.55333882 80.9605172 0 0.5031003029 1.008917963 0.180497193 1.530048307
39 28 8 44 0 44.72135955 79.69515353 0 0.4861795315 0.9595610614 0.1743455764 1.480021665
39 29 9 44 0 44.91102315 78.43986921 0 0.4702864347 0.9116116236 0.1686306365 1.431938572
39 30 10 44 0 45.12205669 77.19573393 0 0.4553857022 0.8651609008 0.1632677691 1.38531192
39 31 11 44 0 45.35416188 75.96375653 0 0.441492767 0.8204617075 0.1583399041 1.341096788
39 32 12 44 0 45.607017 74.7448813 0 0.4286097666 0.7777366298 0.1538023705 1.299149644
39 33 13 44 0 45.88027899 73.53998519 0 0.4166246648 0.7368201567 0.1495933993 1.259118424
39 34 14 44 0 46.17358552 72.34987578 0 0.4055251013 0.6978631226 0.1456948702 1.221021987
39 35 15 44 0 46.4865572 71.17528998 0 0.3953248235 0.6611104539 0.1421032766 1.185011725
39 36 16 44 0 46.81879964 70.01689348 0 0.3858663267 0.6261730551 0.138810403 1.151187598
39 37 17 44 0 47.16990566 68.87528085 0 0.3770705793 0.5929064945 0.1357297053 1.118808403
39 38 18 44 0 47.5394573 67.75097634 0 0.3689211179 0.5613842798 0.1328968007 1.08837828
39 39 19 44 0 47.92702787 66.64443514 0 0.3614223742 0.5317577255 0.1302587142 1.059451796
39 40 20 44 0 48.33218389 65.55604522 0 0.3544398605 0.5036127645 0.1278256348 1.032249096
40 0 -20 45 0 49.24428901 113.962489 0 0.6965510374 1.47830097 0.2538818827 2.022229352
40 1 -19 45 0 48.84669897 112.8905517 0 0.7104970196 1.506900503 0.2611495766 2.06294827
40 2 -18 45 0 48.46648326 111.8014095 0 0.7236368947 1.533337871 0.2685145956 2.103072416
40 3 -17 45 0 48.10405388 110.6954507 0 0.7357850025 1.557356175 0.2758189202 2.141793329
40 4 -16 45 0 47.75981575 109.5731258 0 0.7467482901 1.578693934 0.2829431878 2.178584308
40 5 -15 45 0 47.4341649 108.4349488 0 0.7563048204 1.597039719 0.2894357799 2.211315183
40 6 -14 45 0 47.12748667 107.2814984 0 0.7642355837 1.612089338 0.2950438145 2.239001118
40 7 -13 45 0 46.84015371 106.1134182 0 0.7703335181 1.623555105 0.2994728578 2.260497158
40 8 -12 45 0 46.57252409 104.9314172 0 0.7744873588 1.631313597 0.3023437232 2.274261533
40 9 -11 45 0 46.32493929 103.7362683 0 0.7764649368 1.634992683 0.3034460794 2.279512086
40 10 -10 45 0 46.09772229 102.5288077 0 0.7761115939 1.634336012 0.3026984094 2.275953
40 11 -9 45 0 45.89117562 101.3099325 0 0.7733345945 1.629164657 0.3001488087 2.263749847
40 12 -8 45 0 45.70557953 100.080598 0 0.7680447023 1.619262187 0.2960345849 2.243837637
40 13 -7 45 0 45.54119015 98.84181456 0 0.7601377011 1.604332696 0.2904062403 2.21614436
40 14 -6 45 0 45.39823785 97.59464337 0 0.7496233604 1.584237817 0.2836114167 2.181987514
40 15 -5 45 0 45.27692569 96.34019175 0 0.7366042263 1.55896158 0.2760425194 2.142962411
40 16 -4 45 0 45.17742799 95.07960786 0 0.7211460106 1.528363297 0.2678888423 2.099706398
40 17 -3 45 0 45.09988914 93.81407483 0 0.703635995 1.492901192 0.2591981994 2.052127601
40 18 -2 45 0 45.04442252 92.54480438 0 0.6843001999 1.452701274 0.2501109708 2.000640246
40 19 -1 45 0 45.01110974 91.27303002 0 0.663634441 1.408460666 0.2408699137 1.946326107
40 20 0 45 0 45 90 0 0.6420918671 1.36085163 0.2318919849 1.891524861
40 21 1 45 0 45.01110974 88.72696998 0 0.6201065447 1.310588021 0.2230618229 1.835515522
40 22 2 45 0 45.04442252 87.45519562 0 0.5982572464 1.258837872 0.2145220331 1.779197737
40 23 3 45 0 45.09988914 86.18592517 0 0.5776774737 1.208336143 0.2065429108 1.724513448
40 24 4 45 0 45.17742799 84.92039214 0 0.5575062851 1.157059975 0.1990318381 1.671071134
40 25 5 45 0 45.27692569 83.65980825 0 0.5382161045 1.106257465 0.1918866825 1.618326493
40 26 6 45 0 45.39823785 82.40535663 0 0.5198812035 1.0562539 0.1851068498 1.566430188
40 27 7 45 0 45.54119015 81.15818544 0 0.5024829446 1.007146534 0.1787273373 1.515832224
40 28 8 45 0 45.70557953 79.91940201 0 0.4860276495 0.9591102945 0.1727673888 1.466902828
40 29 9 45 0 45.89117562 78.69006753 0 0.4704991901 0.9122641446 0.1671785326 1.419461508
40 30 10 45 0 46.09772229 77.47119229 0 0.4559313344 0.8668884687 0.1619942607 1.374014606
40 31 11 45 0 46.32493929 76.26373169 0 0.4422868362 0.8230542089 0.1571904764 1.330585718
40 32 12 45 0 46.57252409 75.06858282 0 0.4295612105 0.7809356284 0.1527707643 1.289440387
40 33 13 45 0 46.84015371 73.88658177 0 0.4177739726 0.74079452 0.1486513538 1.250004507
40 34 14 45 0 47.12748667 72.71850163 0 0.4067567111 0.7022380544 0.1448169937 1.212302812
40 35 15 45 0 47.4341649 71.56505118 0 0.3966260248 0.6658512491 0.1412912311 1.176743836
40 36 16 45 0 47.75981575 70.42687417 0 0.3871971922 0.6311403957 0.1380608547 1.143376226
40 37 17 45 0 48.10405388 69.30454927 0 0.3784309148 0.5981018553 0.1350177094 1.111220553
40 38 18 45 0 48.46648326 68.19859051 0 0.3703516127 0.5669675245 0.1322212448 1.081025908
40 39 19 45 0 48.84669897 67.10944834 0 0.3627807247 0.5371697095 0.1296011921 1.052150893
40 40 20 45 0 49.24428901 66.03751103 0 0.3558703662 0.509423708 0.1271891248 1.025047225
